session_start,session_end,station_id,vehicle_id,energy_kWh,duration_min,cost_usd
2023-08-02 04:36:12,2023-08-02 04:54:12,EVS-29,EV-6025,28.7,18,24.53
2023-11-10 08:04:51,2023-11-10 08:50:51,EVS-42,EV-3127,11.9,46,6.16
2023-11-01 08:53:58,2023-11-01 13:50:58,EVS-26,EV-6780,44.9,297,10.44
2023-12-08 18:41:03,2023-12-08 22:43:03,EVS-47,EV-3395,30.9,242,4.17
2023-01-09 13:42:52,2023-01-09 14:22:52,EVS-24,EV-2289,26.4,40,6.62
2023-10-12 23:20:44,2023-10-13 02:09:44,EVS-38,EV-6016,52.5,169,6.44
2023-08-27 17:39:37,2023-08-27 22:32:37,EVS-38,EV-6214,29.6,293,23.5
2023-07-29 21:53:52,2023-07-30 00:32:52,EVS-46,EV-2293,7.2,159,26.95
2023-01-01 23:52:02,2023-01-02 02:39:02,EVS-9,EV-3971,66.6,167,13.54
2023-11-17 08:11:26,2023-11-17 09:51:26,EVS-16,EV-3433,61.2,100,9.14
2023-05-22 03:48:45,2023-05-22 07:44:45,EVS-14,EV-9446,60.4,236,20.56
2023-12-13 04:45:46,2023-12-13 08:29:46,EVS-49,EV-2875,23.1,224,18.2
2023-10-07 14:24:45,2023-10-07 16:11:45,EVS-42,EV-1363,15.6,107,10.19
2023-04-15 15:43:34,2023-04-15 18:30:34,EVS-4,EV-1755,20.3,167,2.53
2023-04-28 12:07:31,2023-04-28 13:45:31,EVS-46,EV-7775,51.3,98,27.87
2023-11-06 21:50:44,2023-11-07 02:19:44,EVS-33,EV-2640,74.8,269,9.56
2023-12-17 01:05:05,2023-12-17 05:52:05,EVS-30,EV-9629,18.6,287,15.44
2023-01-10 16:42:58,2023-01-10 20:07:58,EVS-34,EV-6632,75.3,205,26.78
2023-10-06 21:46:40,2023-10-07 00:49:40,EVS-21,EV-9814,57.7,183,11.81
2023-05-05 13:52:58,2023-05-05 15:05:58,EVS-3,EV-4134,30.6,73,15.61
2023-12-12 13:47:22,2023-12-12 16:54:22,EVS-34,EV-8919,65.3,187,22.05
2023-07-26 03:29:35,2023-07-26 05:19:35,EVS-16,EV-3051,17.0,110,17.38
2023-04-18 12:29:06,2023-04-18 16:56:06,EVS-28,EV-2575,12.5,267,8.94
2023-12-24 18:37:03,2023-12-24 20:05:03,EVS-37,EV-3747,48.8,88,21.97
2023-11-20 11:34:14,2023-11-20 15:09:14,EVS-9,EV-1188,11.8,215,23.09
2023-10-30 16:29:02,2023-10-30 20:26:02,EVS-5,EV-2507,60.9,237,16.4
2023-02-21 20:59:05,2023-02-21 23:26:05,EVS-33,EV-4160,53.2,147,15.04
2023-07-09 21:07:07,2023-07-10 01:19:07,EVS-39,EV-8767,60.2,252,3.04
2023-10-10 08:50:27,2023-10-10 13:22:27,EVS-24,EV-4165,54.3,272,23.89
2023-06-29 07:53:46,2023-06-29 10:13:46,EVS-45,EV-9466,30.7,140,5.68
2023-09-11 15:08:57,2023-09-11 17:17:57,EVS-34,EV-7546,32.7,129,28.62
2023-05-07 11:07:11,2023-05-07 13:52:11,EVS-47,EV-5680,19.2,165,24.53
2023-02-18 17:49:46,2023-02-18 19:52:46,EVS-3,EV-8454,74.3,123,22.91
2023-12-26 18:51:10,2023-12-26 19:24:10,EVS-46,EV-2431,6.3,33,11.37
2023-05-16 19:34:49,2023-05-17 00:34:49,EVS-11,EV-7219,45.3,300,4.25
2023-09-21 14:37:07,2023-09-21 18:16:07,EVS-9,EV-2865,46.1,219,20.04
2023-06-25 16:07:22,2023-06-25 18:58:22,EVS-46,EV-9934,57.4,171,13.43
2023-10-15 00:41:51,2023-10-15 03:14:51,EVS-4,EV-7137,78.9,153,27.42
2023-09-26 01:21:28,2023-09-26 04:42:28,EVS-22,EV-1252,13.7,201,16.24
2023-12-14 16:56:25,2023-12-14 17:21:25,EVS-47,EV-1971,79.1,25,8.89
2023-07-08 20:57:30,2023-07-08 21:28:30,EVS-37,EV-8475,12.0,31,19.54
2023-08-24 09:15:28,2023-08-24 09:53:28,EVS-16,EV-5849,67.2,38,6.42
2023-04-25 22:48:23,2023-04-25 23:05:23,EVS-43,EV-4424,68.0,17,28.64
2023-06-02 05:21:28,2023-06-02 08:29:28,EVS-4,EV-1939,15.4,188,9.78
2023-09-17 04:12:37,2023-09-17 05:45:37,EVS-28,EV-2911,61.7,93,21.49
2023-01-31 17:26:36,2023-01-31 21:55:36,EVS-12,EV-4016,74.6,269,10.02
2023-03-13 03:09:00,2023-03-13 07:37:00,EVS-50,EV-8240,58.3,268,26.14
2023-01-20 02:29:53,2023-01-20 07:20:53,EVS-45,EV-8098,9.6,291,21.86
2023-12-09 12:09:59,2023-12-09 13:59:59,EVS-44,EV-6874,61.2,110,13.72
2023-08-21 20:36:20,2023-08-21 21:47:20,EVS-4,EV-4142,17.6,71,21.0
2023-10-11 12:06:34,2023-10-11 12:21:34,EVS-31,EV-7326,19.1,15,28.03
2023-03-20 02:17:44,2023-03-20 06:58:44,EVS-27,EV-4814,9.8,281,28.81
2023-08-28 05:37:02,2023-08-28 07:45:02,EVS-25,EV-1501,53.8,128,6.87
2023-05-18 19:24:03,2023-05-18 21:06:03,EVS-15,EV-6069,29.4,102,17.55
2023-02-25 14:30:39,2023-02-25 17:01:39,EVS-16,EV-7379,42.9,151,13.53
2023-12-31 07:52:11,2023-12-31 12:47:11,EVS-35,EV-6481,53.5,295,6.37
2023-05-06 01:19:00,2023-05-06 02:05:00,EVS-39,EV-2471,25.6,46,3.78
2023-03-25 14:06:47,2023-03-25 17:09:47,EVS-19,EV-6164,33.6,183,19.5
2023-09-12 22:26:29,2023-09-13 02:53:29,EVS-33,EV-8903,54.4,267,5.44
2023-09-13 06:05:56,2023-09-13 06:45:56,EVS-23,EV-9882,15.3,40,4.32
2023-06-19 12:51:47,2023-06-19 14:22:47,EVS-20,EV-1998,28.5,91,20.95
2023-11-12 05:26:58,2023-11-12 10:17:58,EVS-41,EV-3212,15.6,291,21.18
2023-09-21 07:57:20,2023-09-21 09:24:20,EVS-24,EV-8920,27.3,87,4.1
2023-07-23 03:58:42,2023-07-23 08:56:42,EVS-39,EV-6833,20.7,298,3.85
2023-03-22 12:26:54,2023-03-22 12:50:54,EVS-7,EV-8721,23.6,24,4.87
2023-09-14 13:44:59,2023-09-14 15:43:59,EVS-2,EV-4473,10.6,119,16.67
2023-10-22 08:08:24,2023-10-22 12:25:24,EVS-34,EV-9466,64.2,257,9.0
2023-12-30 17:28:50,2023-12-30 20:25:50,EVS-26,EV-3909,35.4,177,26.43
2023-03-07 08:57:25,2023-03-07 10:20:25,EVS-4,EV-9266,32.2,83,6.24
2023-10-22 13:09:59,2023-10-22 13:36:59,EVS-17,EV-7069,13.0,27,13.76
2023-02-14 06:55:30,2023-02-14 08:05:30,EVS-30,EV-4349,54.8,70,10.45
2023-10-11 22:01:12,2023-10-11 22:51:12,EVS-24,EV-8607,74.5,50,9.86
2023-05-10 15:12:01,2023-05-10 20:02:01,EVS-49,EV-3528,77.5,290,15.02
2023-05-18 10:14:23,2023-05-18 11:47:23,EVS-6,EV-3134,53.5,93,16.43
2023-07-25 12:06:26,2023-07-25 14:57:26,EVS-38,EV-7348,51.4,171,10.52
2023-10-08 16:52:35,2023-10-08 20:51:35,EVS-38,EV-4267,10.9,239,25.76
2023-06-14 10:04:36,2023-06-14 11:28:36,EVS-25,EV-8681,35.1,84,6.31
2023-01-09 12:08:45,2023-01-09 12:36:45,EVS-4,EV-1759,76.3,28,2.68
2023-02-01 15:46:44,2023-02-01 17:27:44,EVS-33,EV-2837,70.8,101,27.74
2023-10-14 15:34:44,2023-10-14 16:51:44,EVS-38,EV-2461,80.0,77,14.3
2023-02-26 15:38:56,2023-02-26 16:37:56,EVS-45,EV-1486,71.3,59,25.79
2023-06-05 08:03:47,2023-06-05 08:54:47,EVS-13,EV-8988,7.0,51,4.71
2023-01-18 18:00:47,2023-01-18 18:25:47,EVS-32,EV-5614,16.7,25,8.31
2023-04-14 08:10:03,2023-04-14 12:54:03,EVS-31,EV-8084,54.9,284,19.66
2023-07-12 04:05:45,2023-07-12 06:30:45,EVS-1,EV-8840,49.8,145,28.6
2023-10-05 11:34:20,2023-10-05 15:18:20,EVS-18,EV-1174,65.5,224,29.66
2023-10-13 17:21:20,2023-10-13 21:49:20,EVS-43,EV-8541,59.3,268,10.69
2023-08-04 08:34:27,2023-08-04 09:51:27,EVS-34,EV-1015,7.4,77,26.81
2023-05-23 07:51:51,2023-05-23 11:54:51,EVS-37,EV-7867,48.6,243,14.08
2023-05-09 00:14:10,2023-05-09 03:32:10,EVS-4,EV-2706,50.5,198,16.25
2023-07-15 12:38:17,2023-07-15 17:01:17,EVS-14,EV-2477,19.9,263,24.48
2023-01-04 09:56:31,2023-01-04 14:19:31,EVS-33,EV-3086,9.4,263,15.38
2023-01-11 06:18:59,2023-01-11 10:45:59,EVS-27,EV-3813,38.5,267,7.51
2023-08-09 19:46:42,2023-08-09 23:21:42,EVS-21,EV-4271,35.7,215,24.46
2023-06-24 04:04:42,2023-06-24 05:31:42,EVS-27,EV-6209,13.1,87,10.75
2023-10-29 03:03:44,2023-10-29 03:57:44,EVS-30,EV-3033,13.0,54,24.44
2023-04-01 22:16:38,2023-04-02 02:09:38,EVS-4,EV-1949,68.9,233,14.15
2023-06-09 10:24:12,2023-06-09 14:48:12,EVS-20,EV-4202,29.0,264,29.49
2023-01-15 23:45:57,2023-01-16 00:30:57,EVS-11,EV-2262,24.7,45,16.22
2023-09-01 15:14:50,2023-09-01 16:53:50,EVS-9,EV-7357,7.8,99,8.83
2023-09-24 12:26:06,2023-09-24 14:03:06,EVS-14,EV-1058,31.0,97,19.01
2023-03-30 20:18:00,2023-03-31 00:40:00,EVS-46,EV-9214,11.5,262,4.38
2023-10-06 23:47:16,2023-10-07 02:10:16,EVS-8,EV-6986,57.0,143,7.67
2023-02-16 12:24:28,2023-02-16 13:10:28,EVS-40,EV-3538,69.5,46,20.41
2023-10-31 15:53:08,2023-10-31 18:50:08,EVS-39,EV-8873,25.8,177,16.27
2023-10-30 23:44:50,2023-10-31 03:40:50,EVS-4,EV-4304,18.1,236,16.76
2023-03-21 12:35:48,2023-03-21 15:01:48,EVS-40,EV-8858,5.3,146,12.97
2023-06-22 22:20:21,2023-06-23 02:40:21,EVS-47,EV-9752,16.8,260,24.64
2023-06-24 13:48:07,2023-06-24 18:12:07,EVS-16,EV-6610,61.6,264,11.24
2023-06-09 16:46:51,2023-06-09 21:45:51,EVS-42,EV-5091,77.5,299,2.7
2023-06-14 16:15:07,2023-06-14 19:28:07,EVS-14,EV-2576,39.6,193,10.62
2023-08-29 03:33:04,2023-08-29 06:05:04,EVS-28,EV-4187,65.4,152,8.21
2023-09-05 22:53:07,2023-09-05 23:30:07,EVS-17,EV-9243,43.4,37,2.77
2023-12-13 08:47:26,2023-12-13 10:49:26,EVS-30,EV-8586,52.8,122,19.24
2023-10-29 18:06:49,2023-10-29 21:52:49,EVS-43,EV-8191,54.2,226,22.74
2023-09-17 12:29:56,2023-09-17 15:41:56,EVS-29,EV-8251,43.7,192,19.5
2023-02-18 14:08:43,2023-02-18 16:46:43,EVS-9,EV-8351,49.1,158,3.76
2023-12-12 08:00:04,2023-12-12 12:21:04,EVS-37,EV-9860,76.5,261,8.75
2023-04-16 05:43:57,2023-04-16 09:53:57,EVS-4,EV-6047,52.3,250,14.43
2023-11-25 06:07:03,2023-11-25 07:34:03,EVS-43,EV-4415,77.4,87,8.13
2023-05-22 19:25:39,2023-05-22 19:48:39,EVS-45,EV-3439,64.8,23,12.0
2023-04-05 05:14:38,2023-04-05 05:38:38,EVS-43,EV-2289,61.0,24,3.53
2023-06-09 19:13:18,2023-06-09 20:04:18,EVS-26,EV-2029,45.2,51,27.54
2023-08-20 23:01:43,2023-08-21 03:00:43,EVS-7,EV-8712,53.5,239,18.04
2023-05-31 19:12:19,2023-05-31 23:07:19,EVS-40,EV-6175,28.2,235,15.31
2023-09-30 02:33:42,2023-09-30 05:06:42,EVS-15,EV-1582,53.3,153,21.13
2023-10-18 11:58:00,2023-10-18 15:48:00,EVS-1,EV-8709,38.8,230,12.89
2023-09-18 20:11:08,2023-09-18 22:42:08,EVS-45,EV-8315,10.1,151,17.76
2023-08-17 17:31:18,2023-08-17 20:28:18,EVS-50,EV-9954,30.7,177,28.84
2023-10-12 06:41:25,2023-10-12 10:45:25,EVS-31,EV-1591,8.2,244,8.58
2023-12-25 20:12:05,2023-12-25 21:25:05,EVS-28,EV-3395,8.1,73,4.17
2023-03-15 05:29:58,2023-03-15 09:40:58,EVS-41,EV-9917,63.6,251,6.63
2023-01-17 18:54:04,2023-01-17 20:51:04,EVS-44,EV-3714,14.8,117,24.38
2023-05-25 16:32:24,2023-05-25 19:50:24,EVS-47,EV-9372,65.9,198,18.84
2023-11-08 21:13:02,2023-11-08 23:00:02,EVS-43,EV-5164,19.9,107,4.42
2023-07-29 00:34:44,2023-07-29 01:17:44,EVS-7,EV-7015,67.4,43,17.28
2023-12-20 06:11:29,2023-12-20 09:12:29,EVS-18,EV-1958,49.5,181,3.97
2023-11-09 18:00:14,2023-11-09 18:21:14,EVS-46,EV-8800,69.8,21,13.47
2023-01-19 05:39:25,2023-01-19 06:39:25,EVS-47,EV-1429,18.9,60,4.98
2023-07-31 00:39:36,2023-07-31 01:23:36,EVS-2,EV-5370,74.4,44,24.4
2023-08-24 20:43:43,2023-08-25 01:14:43,EVS-48,EV-7371,58.5,271,20.93
2023-10-04 17:57:35,2023-10-04 21:33:35,EVS-8,EV-6183,29.1,216,28.44
2023-11-15 21:18:58,2023-11-15 22:11:58,EVS-3,EV-1724,54.8,53,15.7
2023-02-24 10:26:55,2023-02-24 12:52:55,EVS-14,EV-6393,59.9,146,24.03
2023-04-14 23:42:33,2023-04-15 02:51:33,EVS-31,EV-2359,33.8,189,28.55
2023-05-19 00:06:43,2023-05-19 03:43:43,EVS-36,EV-4167,68.8,217,28.07
2023-04-08 09:10:37,2023-04-08 10:41:37,EVS-34,EV-4165,70.0,91,20.95
2023-10-19 06:40:28,2023-10-19 10:20:28,EVS-23,EV-2062,51.0,220,21.3
2023-10-21 06:04:00,2023-10-21 09:27:00,EVS-17,EV-1316,34.2,203,3.32
2023-06-17 18:40:59,2023-06-17 20:36:59,EVS-12,EV-8314,60.5,116,10.5
2023-04-22 21:08:49,2023-04-22 23:11:49,EVS-33,EV-2808,28.0,123,12.71
2023-06-03 18:55:35,2023-06-03 20:48:35,EVS-20,EV-3674,41.0,113,23.53
2023-04-08 05:14:17,2023-04-08 07:29:17,EVS-10,EV-2896,33.6,135,3.45
2023-09-15 00:08:56,2023-09-15 02:10:56,EVS-6,EV-8864,70.4,122,10.88
2023-11-06 08:15:37,2023-11-06 12:24:37,EVS-44,EV-9656,47.4,249,26.94
2023-06-20 04:45:03,2023-06-20 09:41:03,EVS-3,EV-4029,57.1,296,20.17
2023-06-12 15:19:28,2023-06-12 18:36:28,EVS-27,EV-8044,60.2,197,11.52
2023-02-27 05:37:02,2023-02-27 08:13:02,EVS-3,EV-2373,62.8,156,13.71
2023-05-07 10:05:52,2023-05-07 12:06:52,EVS-34,EV-2175,31.6,121,6.73
2023-06-14 02:11:13,2023-06-14 02:46:13,EVS-38,EV-9692,66.9,35,28.3
2023-01-29 15:34:24,2023-01-29 19:28:24,EVS-6,EV-5705,48.2,234,18.76
2023-12-01 16:33:48,2023-12-01 19:14:48,EVS-30,EV-9385,77.9,161,27.3
2023-03-11 22:06:48,2023-03-12 01:32:48,EVS-33,EV-5651,17.0,206,2.36
2023-08-28 09:37:06,2023-08-28 12:09:06,EVS-32,EV-5857,59.3,152,14.51
2023-10-19 18:11:24,2023-10-19 22:07:24,EVS-47,EV-2063,14.2,236,16.53
2023-05-30 00:11:11,2023-05-30 00:36:11,EVS-3,EV-9688,39.2,25,14.6
2023-09-27 00:53:17,2023-09-27 02:05:17,EVS-31,EV-2028,22.6,72,26.62
2023-12-15 15:06:01,2023-12-15 19:32:01,EVS-35,EV-7168,14.1,266,13.16
2023-12-24 15:36:28,2023-12-24 17:35:28,EVS-19,EV-2272,58.2,119,15.33
2023-08-22 16:19:38,2023-08-22 19:36:38,EVS-17,EV-8824,19.6,197,3.1
2023-01-30 07:04:40,2023-01-30 07:20:40,EVS-42,EV-3033,68.7,16,29.7
2023-09-15 13:18:14,2023-09-15 13:37:14,EVS-11,EV-3428,37.7,19,21.9
2023-01-09 09:16:46,2023-01-09 10:28:46,EVS-13,EV-1815,61.8,72,6.67
2023-10-20 10:12:28,2023-10-20 15:04:28,EVS-3,EV-4131,31.7,292,25.36
2023-01-03 06:38:57,2023-01-03 07:16:57,EVS-27,EV-9090,34.6,38,5.46
2023-02-12 21:56:24,2023-02-13 00:57:24,EVS-40,EV-9557,61.7,181,11.3
2023-02-25 08:21:18,2023-02-25 11:17:18,EVS-10,EV-6528,44.4,176,10.79
2023-06-10 09:36:21,2023-06-10 14:21:21,EVS-3,EV-8861,27.5,285,16.22
2023-03-09 07:29:46,2023-03-09 09:26:46,EVS-1,EV-6620,34.0,117,20.0
2023-09-29 04:31:19,2023-09-29 06:08:19,EVS-30,EV-8549,60.8,97,8.34
2023-09-18 20:50:02,2023-09-18 21:19:02,EVS-2,EV-6330,77.3,29,17.37
2023-04-04 05:27:38,2023-04-04 09:03:38,EVS-42,EV-4711,47.8,216,11.48
2023-01-08 06:50:06,2023-01-08 07:12:06,EVS-29,EV-8719,32.9,22,10.7
2023-02-12 20:46:08,2023-02-12 23:54:08,EVS-19,EV-9991,38.8,188,3.06
2023-11-08 03:11:17,2023-11-08 05:24:17,EVS-28,EV-9072,42.8,133,17.9
2023-12-23 14:55:55,2023-12-23 18:46:55,EVS-2,EV-5389,70.7,231,23.95
2023-09-13 23:08:26,2023-09-13 23:47:26,EVS-27,EV-9304,39.7,39,7.66
2023-07-12 07:00:10,2023-07-12 11:27:10,EVS-35,EV-7307,32.4,267,8.13
2023-11-24 07:17:51,2023-11-24 08:08:51,EVS-10,EV-3641,50.7,51,4.19
2023-02-10 14:14:57,2023-02-10 18:01:57,EVS-10,EV-4485,40.7,227,16.3
2023-01-30 20:25:23,2023-01-31 00:51:23,EVS-8,EV-3566,47.3,266,5.71
2023-06-12 03:19:56,2023-06-12 08:02:56,EVS-39,EV-2006,79.7,283,10.34
2023-08-02 20:19:16,2023-08-03 01:07:16,EVS-3,EV-7603,49.0,288,21.01
2023-04-06 06:19:26,2023-04-06 08:10:26,EVS-45,EV-1932,30.9,111,25.95
2023-03-26 20:46:09,2023-03-26 22:09:09,EVS-35,EV-4323,66.4,83,22.97
2023-08-06 21:27:51,2023-08-06 22:06:51,EVS-5,EV-4470,70.8,39,15.46
2023-06-12 01:41:47,2023-06-12 03:48:47,EVS-28,EV-7955,27.7,127,29.02
2023-07-04 23:00:47,2023-07-04 23:40:47,EVS-41,EV-2205,61.8,40,17.68
2023-01-03 22:41:50,2023-01-04 03:26:50,EVS-38,EV-6849,48.6,285,12.93
2023-08-06 18:21:19,2023-08-06 19:51:19,EVS-46,EV-7288,36.2,90,15.95
2023-07-06 22:49:35,2023-07-07 01:06:35,EVS-50,EV-1637,69.3,137,2.4
2023-10-11 12:40:35,2023-10-11 17:05:35,EVS-28,EV-6095,11.7,265,25.91
2023-05-06 06:42:49,2023-05-06 07:07:49,EVS-46,EV-8462,62.0,25,21.51
2023-09-28 20:31:04,2023-09-29 00:52:04,EVS-40,EV-1934,38.3,261,12.05
2023-07-20 22:52:53,2023-07-21 02:38:53,EVS-28,EV-4650,54.4,226,22.78
2023-05-24 15:29:02,2023-05-24 16:48:02,EVS-13,EV-4942,14.2,79,5.96
2023-09-10 19:19:59,2023-09-10 20:39:59,EVS-20,EV-5852,66.0,80,26.76
2023-10-09 15:40:47,2023-10-09 19:53:47,EVS-29,EV-8806,18.5,253,17.86
2023-05-26 06:36:32,2023-05-26 09:28:32,EVS-14,EV-7260,64.5,172,25.3
2023-06-07 07:33:43,2023-06-07 12:14:43,EVS-47,EV-3432,8.4,281,19.2
2023-08-03 02:05:33,2023-08-03 03:10:33,EVS-45,EV-5210,23.0,65,16.31
2023-06-18 16:02:14,2023-06-18 18:50:14,EVS-18,EV-4106,69.8,168,5.55
2023-04-17 22:22:01,2023-04-18 01:31:01,EVS-15,EV-3290,15.8,189,21.11
2023-12-07 17:33:37,2023-12-07 18:03:37,EVS-19,EV-3942,22.3,30,6.79
2023-07-31 10:24:06,2023-07-31 13:26:06,EVS-6,EV-1245,11.6,182,16.85
2023-03-16 03:53:56,2023-03-16 04:45:56,EVS-29,EV-1937,50.1,52,7.6
2023-06-10 16:56:12,2023-06-10 20:39:12,EVS-15,EV-7069,52.6,223,7.77
2023-09-19 16:52:24,2023-09-19 21:41:24,EVS-42,EV-2748,23.7,289,10.02
2023-05-24 21:50:48,2023-05-24 23:40:48,EVS-2,EV-9264,20.7,110,14.36
2023-04-29 21:36:52,2023-04-30 02:04:52,EVS-12,EV-6773,36.8,268,23.6
2023-04-11 16:47:31,2023-04-11 19:48:31,EVS-30,EV-3792,7.0,181,12.2
2023-12-01 15:11:49,2023-12-01 18:50:49,EVS-27,EV-8957,46.5,219,15.97
2023-01-15 17:45:59,2023-01-15 18:21:59,EVS-18,EV-8217,11.8,36,8.55
2023-09-07 22:26:57,2023-09-07 23:04:57,EVS-11,EV-4542,65.4,38,6.87
2023-06-04 12:20:30,2023-06-04 14:29:30,EVS-17,EV-5914,26.5,129,27.2
2023-03-30 15:19:29,2023-03-30 18:03:29,EVS-9,EV-3334,9.4,164,26.88
2023-10-11 22:22:35,2023-10-12 02:34:35,EVS-17,EV-9292,13.6,252,2.2
2023-08-09 14:41:22,2023-08-09 19:36:22,EVS-15,EV-1401,76.5,295,4.91
2023-02-21 18:23:18,2023-02-21 19:38:18,EVS-41,EV-4986,63.4,75,29.67
2023-11-18 05:24:28,2023-11-18 07:33:28,EVS-24,EV-4702,49.9,129,21.76
2023-06-15 01:46:33,2023-06-15 05:07:33,EVS-15,EV-2951,17.0,201,28.52
2023-02-03 01:51:36,2023-02-03 04:19:36,EVS-25,EV-8623,65.9,148,25.41
2023-02-04 11:02:43,2023-02-04 14:50:43,EVS-6,EV-4804,66.7,228,19.7
2023-02-16 20:47:01,2023-02-17 01:29:01,EVS-42,EV-1578,46.8,282,4.01
2023-04-10 17:16:10,2023-04-10 19:11:10,EVS-32,EV-8362,7.3,115,14.11
2023-12-16 22:01:10,2023-12-17 01:56:10,EVS-10,EV-8079,16.7,235,24.04
2023-02-28 23:11:51,2023-03-01 02:19:51,EVS-27,EV-4097,25.2,188,29.43
2023-10-24 23:00:57,2023-10-25 00:53:57,EVS-40,EV-4260,43.6,113,10.09
2023-07-02 00:24:18,2023-07-02 04:48:18,EVS-40,EV-8829,38.8,264,14.35
2023-06-14 20:40:35,2023-06-15 00:14:35,EVS-36,EV-2665,5.1,214,21.88
2023-08-07 14:02:49,2023-08-07 16:12:49,EVS-5,EV-1024,31.2,130,3.07
2023-11-08 12:40:42,2023-11-08 17:31:42,EVS-8,EV-7417,47.4,291,11.89
2023-09-26 12:41:57,2023-09-26 16:21:57,EVS-27,EV-4701,20.5,220,6.43
2023-12-11 23:08:55,2023-12-12 03:43:55,EVS-4,EV-3880,73.1,275,15.04
2023-07-03 11:00:16,2023-07-03 13:41:16,EVS-7,EV-3996,55.3,161,8.69
2023-05-16 05:16:40,2023-05-16 06:31:40,EVS-44,EV-6019,78.9,75,28.57
2023-04-12 06:18:38,2023-04-12 07:57:38,EVS-26,EV-4583,61.7,99,20.4
2023-04-24 12:18:20,2023-04-24 16:09:20,EVS-24,EV-3488,10.3,231,16.58
2023-01-02 13:38:51,2023-01-02 14:20:51,EVS-1,EV-9608,56.5,42,8.4
2023-01-11 03:47:53,2023-01-11 07:44:53,EVS-9,EV-3975,78.4,237,10.26
2023-11-16 16:38:12,2023-11-16 20:14:12,EVS-30,EV-1224,30.5,216,6.74
2023-03-01 14:52:48,2023-03-01 18:31:48,EVS-43,EV-8367,55.9,219,29.66
2023-08-12 15:10:53,2023-08-12 19:50:53,EVS-25,EV-5606,62.6,280,28.34
2023-04-29 17:04:41,2023-04-29 19:40:41,EVS-17,EV-9795,31.7,156,11.3
2023-07-11 08:25:19,2023-07-11 11:22:19,EVS-13,EV-2834,53.1,177,27.97
2023-03-31 03:25:27,2023-03-31 03:54:27,EVS-36,EV-8910,21.9,29,13.52
2023-08-15 00:29:38,2023-08-15 02:16:38,EVS-12,EV-6090,45.6,107,9.6
2023-03-30 15:40:11,2023-03-30 18:29:11,EVS-5,EV-5900,35.3,169,13.46
2023-12-18 18:16:15,2023-12-18 20:59:15,EVS-5,EV-4075,25.8,163,25.78
2023-01-01 04:40:28,2023-01-01 06:36:28,EVS-43,EV-9831,51.7,116,3.52
2023-08-22 08:13:25,2023-08-22 11:20:25,EVS-42,EV-8409,75.6,187,16.66
2023-04-29 04:36:43,2023-04-29 07:34:43,EVS-29,EV-3065,21.2,178,13.2
2023-09-08 18:21:52,2023-09-08 21:08:52,EVS-47,EV-5685,21.5,167,17.33
2023-08-03 04:16:47,2023-08-03 07:25:47,EVS-13,EV-8202,26.8,189,19.46
2023-06-13 19:58:48,2023-06-13 20:56:48,EVS-32,EV-7709,76.0,58,8.84
2023-07-14 08:21:45,2023-07-14 12:49:45,EVS-41,EV-3803,69.0,268,28.47
2023-05-02 18:24:22,2023-05-02 22:35:22,EVS-29,EV-9491,37.7,251,28.25
2023-02-03 22:13:10,2023-02-04 00:24:10,EVS-44,EV-6775,8.0,131,29.32
2023-04-18 13:36:42,2023-04-18 15:11:42,EVS-44,EV-3290,48.4,95,27.56
2023-02-02 00:47:25,2023-02-02 05:35:25,EVS-18,EV-4489,29.6,288,5.12
2023-03-06 01:50:36,2023-03-06 04:16:36,EVS-8,EV-9732,12.7,146,29.22
2023-01-09 17:49:05,2023-01-09 21:10:05,EVS-50,EV-5508,58.4,201,17.94
2023-10-22 19:52:53,2023-10-22 23:57:53,EVS-3,EV-3102,15.2,245,17.1
2023-06-28 06:46:05,2023-06-28 10:41:05,EVS-39,EV-4936,8.5,235,25.83
2023-06-27 02:33:03,2023-06-27 06:03:03,EVS-14,EV-9626,73.2,210,27.02
2023-11-11 22:28:58,2023-11-12 00:54:58,EVS-50,EV-1719,74.0,146,28.92
2023-03-19 12:07:18,2023-03-19 12:40:18,EVS-43,EV-1715,72.6,33,18.31
2023-06-01 23:52:07,2023-06-02 03:23:07,EVS-18,EV-2884,11.6,211,23.45
2023-06-07 00:15:39,2023-06-07 04:58:39,EVS-24,EV-1035,10.1,283,19.74
2023-07-20 03:05:00,2023-07-20 06:00:00,EVS-22,EV-6631,57.3,175,8.94
2023-11-20 13:19:17,2023-11-20 15:05:17,EVS-3,EV-6571,67.3,106,10.05
2023-12-30 01:04:38,2023-12-30 04:57:38,EVS-17,EV-8280,65.9,233,29.83
2023-10-03 10:36:04,2023-10-03 12:10:04,EVS-10,EV-5536,47.9,94,15.79
2023-12-05 07:19:49,2023-12-05 11:38:49,EVS-20,EV-4424,76.0,259,9.44
2023-10-25 02:24:03,2023-10-25 03:38:03,EVS-32,EV-9667,45.1,74,28.49
2023-05-27 14:09:10,2023-05-27 18:39:10,EVS-49,EV-3135,62.0,270,10.45
2023-03-09 11:36:05,2023-03-09 13:24:05,EVS-18,EV-5032,35.3,108,17.91
2023-08-18 01:13:29,2023-08-18 05:56:29,EVS-12,EV-3055,8.7,283,4.92
2023-03-03 13:51:37,2023-03-03 17:44:37,EVS-16,EV-6464,64.9,233,3.59
2023-12-17 01:27:33,2023-12-17 05:09:33,EVS-28,EV-3878,55.5,222,15.35
2023-01-07 18:51:40,2023-01-07 20:02:40,EVS-43,EV-7852,41.1,71,29.04
2023-02-15 12:34:28,2023-02-15 14:11:28,EVS-11,EV-8176,47.9,97,29.41
2023-05-20 08:11:38,2023-05-20 10:11:38,EVS-29,EV-1134,9.8,120,25.31
2023-04-02 06:15:41,2023-04-02 08:00:41,EVS-20,EV-1852,62.6,105,5.6
2023-10-04 03:37:07,2023-10-04 07:31:07,EVS-28,EV-7243,61.7,234,24.67
2023-02-18 22:38:34,2023-02-19 02:28:34,EVS-33,EV-3545,40.4,230,11.98
2023-01-29 23:06:50,2023-01-30 02:03:50,EVS-20,EV-3033,76.8,177,4.54
2023-08-31 08:44:06,2023-08-31 12:19:06,EVS-29,EV-3945,51.8,215,25.07
2023-01-06 13:09:29,2023-01-06 16:37:29,EVS-41,EV-7147,70.6,208,12.42
2023-02-25 22:51:41,2023-02-25 23:42:41,EVS-18,EV-5227,45.9,51,19.86
2023-11-15 13:53:27,2023-11-15 16:31:27,EVS-24,EV-4483,8.0,158,4.53
2023-09-23 22:13:58,2023-09-24 01:19:58,EVS-22,EV-5070,18.7,186,5.18
2023-10-12 10:34:30,2023-10-12 12:41:30,EVS-7,EV-6741,79.0,127,13.14
2023-01-07 03:23:53,2023-01-07 04:12:53,EVS-31,EV-9447,73.6,49,5.88
2023-05-07 22:13:21,2023-05-07 22:28:21,EVS-32,EV-7215,71.4,15,16.37
2023-09-05 03:40:06,2023-09-05 05:05:06,EVS-1,EV-8749,7.6,85,24.54
2023-03-07 21:54:02,2023-03-08 00:57:02,EVS-35,EV-7099,24.6,183,4.97
2023-07-24 00:14:05,2023-07-24 03:27:05,EVS-7,EV-1839,59.5,193,12.58
2023-01-24 13:12:34,2023-01-24 15:47:34,EVS-35,EV-8284,42.1,155,4.78
2023-01-08 16:08:02,2023-01-08 20:48:02,EVS-30,EV-5902,6.6,280,16.28
2023-06-17 18:43:15,2023-06-17 22:03:15,EVS-20,EV-9080,8.1,200,10.15
2023-03-09 12:19:19,2023-03-09 14:40:19,EVS-3,EV-8384,68.5,141,2.85
2023-08-06 08:50:28,2023-08-06 13:42:28,EVS-22,EV-9347,70.4,292,4.93
2023-11-02 16:27:10,2023-11-02 19:00:10,EVS-14,EV-6018,8.0,153,17.88
2023-08-02 00:07:24,2023-08-02 00:31:24,EVS-29,EV-6763,64.2,24,11.49
2023-12-04 18:49:21,2023-12-04 19:23:21,EVS-8,EV-1016,9.8,34,3.72
2023-03-18 03:45:23,2023-03-18 05:50:23,EVS-39,EV-3182,55.5,125,4.41
2023-05-08 19:58:25,2023-05-09 00:50:25,EVS-29,EV-6632,20.1,292,21.26
2023-07-28 03:30:48,2023-07-28 04:30:48,EVS-28,EV-2509,39.1,60,28.03
2023-12-07 22:43:47,2023-12-08 01:02:47,EVS-23,EV-7055,13.3,139,12.45
2023-09-26 11:59:08,2023-09-26 12:39:08,EVS-8,EV-5109,74.4,40,8.51
2023-07-04 23:52:13,2023-07-05 02:00:13,EVS-7,EV-7080,75.3,128,17.31
2023-05-22 02:13:15,2023-05-22 04:09:15,EVS-25,EV-2518,55.6,116,2.75
2023-11-08 04:56:58,2023-11-08 06:16:58,EVS-12,EV-3256,11.3,80,8.32
2023-10-30 04:26:44,2023-10-30 05:23:44,EVS-16,EV-2883,48.7,57,28.4
2023-08-13 16:10:36,2023-08-13 21:07:36,EVS-39,EV-9187,66.4,297,25.3
2023-04-19 08:55:56,2023-04-19 11:22:56,EVS-1,EV-7147,14.5,147,12.01
2023-11-11 20:23:08,2023-11-11 23:48:08,EVS-2,EV-1019,69.5,205,28.81
2023-05-08 22:53:02,2023-05-08 23:33:02,EVS-4,EV-3346,15.8,40,29.91
2023-03-09 07:36:29,2023-03-09 10:34:29,EVS-5,EV-8632,59.7,178,23.01
2023-12-01 23:57:45,2023-12-02 03:20:45,EVS-31,EV-8371,17.0,203,21.32
2023-11-15 08:09:00,2023-11-15 08:24:00,EVS-45,EV-4832,52.7,15,7.64
2023-05-01 07:12:03,2023-05-01 09:29:03,EVS-27,EV-1577,54.2,137,19.45
2023-12-29 12:06:45,2023-12-29 14:44:45,EVS-39,EV-1056,29.5,158,10.14
2023-09-09 07:46:51,2023-09-09 09:02:51,EVS-21,EV-1658,37.2,76,21.06
2023-04-12 00:47:53,2023-04-12 02:06:53,EVS-1,EV-6805,10.7,79,12.95
2023-12-12 11:22:43,2023-12-12 13:31:43,EVS-10,EV-3574,52.3,129,29.47
2023-03-11 00:33:11,2023-03-11 00:58:11,EVS-28,EV-3560,7.6,25,27.47
2023-04-06 12:56:45,2023-04-06 17:54:45,EVS-7,EV-3225,79.9,298,11.99
2023-06-14 09:06:09,2023-06-14 11:44:09,EVS-7,EV-7064,32.1,158,24.78
2023-11-27 01:31:11,2023-11-27 04:55:11,EVS-22,EV-7585,75.9,204,3.36
2023-11-11 04:29:24,2023-11-11 08:09:24,EVS-23,EV-7717,48.5,220,18.74
2023-10-11 08:24:32,2023-10-11 09:12:32,EVS-24,EV-5864,62.0,48,13.44
2023-01-25 17:44:43,2023-01-25 19:26:43,EVS-1,EV-7385,21.3,102,7.5
2023-07-10 14:47:36,2023-07-10 19:05:36,EVS-6,EV-6368,73.2,258,13.0
2023-02-05 16:15:14,2023-02-05 20:01:14,EVS-37,EV-4052,22.7,226,22.77
2023-04-19 17:21:29,2023-04-19 20:34:29,EVS-18,EV-6921,35.1,193,23.4
2023-09-25 16:32:45,2023-09-25 17:25:45,EVS-5,EV-8783,59.8,53,20.56
2023-12-13 23:08:51,2023-12-14 03:24:51,EVS-27,EV-9179,15.9,256,27.88
2023-06-04 17:23:01,2023-06-04 18:23:01,EVS-12,EV-5430,65.0,60,23.01
2023-07-07 17:40:16,2023-07-07 22:23:16,EVS-20,EV-7741,49.0,283,22.88
2023-06-27 09:37:20,2023-06-27 14:32:20,EVS-14,EV-1294,63.0,295,21.75
2023-05-11 23:15:15,2023-05-12 00:08:15,EVS-28,EV-6106,11.8,53,2.2
2023-04-14 23:31:04,2023-04-15 03:06:04,EVS-36,EV-9574,7.6,215,8.35
2023-02-11 05:56:24,2023-02-11 07:00:24,EVS-43,EV-1113,59.7,64,8.02
2023-08-08 02:24:45,2023-08-08 05:42:45,EVS-17,EV-5080,68.3,198,26.76
2023-04-11 03:32:13,2023-04-11 06:49:13,EVS-36,EV-4283,56.5,197,15.27
2023-04-09 01:21:08,2023-04-09 01:50:08,EVS-29,EV-8323,20.7,29,13.17
2023-07-20 03:35:12,2023-07-20 08:29:12,EVS-32,EV-7183,33.8,294,20.28
2023-04-24 15:57:09,2023-04-24 17:20:09,EVS-9,EV-8618,79.3,83,9.94
2023-02-01 11:08:46,2023-02-01 13:38:46,EVS-30,EV-4791,25.7,150,22.89
2023-08-19 05:33:30,2023-08-19 09:05:30,EVS-22,EV-5926,24.9,212,3.38
2023-05-11 14:52:03,2023-05-11 18:27:03,EVS-16,EV-2053,22.6,215,7.11
2023-01-11 22:41:59,2023-01-12 02:51:59,EVS-9,EV-6601,55.8,250,29.7
2023-10-24 18:31:28,2023-10-24 21:57:28,EVS-46,EV-7185,6.4,206,29.02
2023-08-11 08:43:55,2023-08-11 11:28:55,EVS-40,EV-1071,38.5,165,26.03
2023-04-01 07:45:38,2023-04-01 08:05:38,EVS-35,EV-2837,74.4,20,12.06
2023-03-05 07:07:12,2023-03-05 07:45:12,EVS-16,EV-9623,74.7,38,28.3
2023-12-05 17:04:00,2023-12-05 19:55:00,EVS-45,EV-3499,54.9,171,3.09
2023-10-02 01:18:19,2023-10-02 04:54:19,EVS-41,EV-1156,30.7,216,24.81
2023-03-15 14:59:49,2023-03-15 19:44:49,EVS-11,EV-7875,53.1,285,3.8
2023-12-24 06:33:28,2023-12-24 09:30:28,EVS-9,EV-9205,61.7,177,27.15
2023-11-25 01:31:49,2023-11-25 02:37:49,EVS-18,EV-1558,35.9,66,13.7
2023-12-04 06:13:49,2023-12-04 08:34:49,EVS-38,EV-6934,65.2,141,4.31
2023-12-12 13:15:30,2023-12-12 14:14:30,EVS-6,EV-9503,47.5,59,25.22
2023-01-12 00:06:35,2023-01-12 01:37:35,EVS-42,EV-4257,59.0,91,5.16
2023-07-07 22:42:19,2023-07-08 00:32:19,EVS-25,EV-6547,17.3,110,10.22
2023-01-15 10:17:03,2023-01-15 13:06:03,EVS-17,EV-7355,30.3,169,3.16
2023-03-11 18:40:59,2023-03-11 22:05:59,EVS-41,EV-7787,5.5,205,20.15
2023-01-01 19:00:20,2023-01-01 22:05:20,EVS-8,EV-2040,10.8,185,12.42
2023-11-18 16:52:17,2023-11-18 21:08:17,EVS-39,EV-5261,76.2,256,7.81
2023-09-23 10:27:19,2023-09-23 13:46:19,EVS-37,EV-8271,15.1,199,6.07
2023-04-14 07:57:14,2023-04-14 12:32:14,EVS-24,EV-3724,31.2,275,20.45
2023-11-27 09:43:04,2023-11-27 12:30:04,EVS-12,EV-5501,30.1,167,14.37
2023-10-23 01:56:03,2023-10-23 06:01:03,EVS-48,EV-4089,32.7,245,22.5
2023-07-28 02:44:49,2023-07-28 05:42:49,EVS-17,EV-2914,69.9,178,26.16
2023-08-02 09:46:04,2023-08-02 13:30:04,EVS-38,EV-4805,46.6,224,10.15
2023-09-13 05:48:08,2023-09-13 08:02:08,EVS-11,EV-8156,79.5,134,27.17
2023-06-17 23:52:11,2023-06-18 02:48:11,EVS-3,EV-1029,62.3,176,20.72
2023-01-13 12:32:50,2023-01-13 13:26:50,EVS-29,EV-4888,74.9,54,8.02
2023-06-22 22:27:46,2023-06-23 02:42:46,EVS-3,EV-7089,18.1,255,25.07
2023-08-09 10:06:34,2023-08-09 14:40:34,EVS-9,EV-6939,21.6,274,18.78
2023-12-05 21:34:11,2023-12-05 23:21:11,EVS-28,EV-7820,76.3,107,29.57
2023-06-02 01:46:33,2023-06-02 05:48:33,EVS-13,EV-7733,66.5,242,20.62
2023-12-16 15:49:18,2023-12-16 19:57:18,EVS-24,EV-1757,62.6,248,29.33
2023-09-05 14:35:01,2023-09-05 17:48:01,EVS-33,EV-9976,60.1,193,10.04
2023-01-01 01:48:57,2023-01-01 04:56:57,EVS-31,EV-9642,14.9,188,28.14
2023-11-03 21:05:12,2023-11-03 21:32:12,EVS-11,EV-6700,33.7,27,12.27
2023-05-01 18:49:25,2023-05-01 21:11:25,EVS-5,EV-1948,38.8,142,13.84
2023-03-06 13:58:59,2023-03-06 16:17:59,EVS-42,EV-7328,26.6,139,13.9
2023-01-03 00:49:22,2023-01-03 04:54:22,EVS-23,EV-7015,42.5,245,16.18
2023-09-30 11:10:18,2023-09-30 14:56:18,EVS-15,EV-9824,62.5,226,19.91
2023-04-29 14:35:08,2023-04-29 17:51:08,EVS-5,EV-5833,22.0,196,19.09
2023-06-11 07:30:59,2023-06-11 07:46:59,EVS-17,EV-3680,26.9,16,6.14
2023-03-08 19:03:24,2023-03-08 22:30:24,EVS-37,EV-5174,24.1,207,16.84
2023-08-23 14:43:12,2023-08-23 17:37:12,EVS-32,EV-2943,28.7,174,22.91
2023-01-15 09:23:37,2023-01-15 13:15:37,EVS-12,EV-1198,73.4,232,27.07
2023-01-26 07:09:57,2023-01-26 09:16:57,EVS-34,EV-4522,23.1,127,16.11
2023-07-24 00:00:50,2023-07-24 03:27:50,EVS-14,EV-5645,74.1,207,13.06
2023-06-21 22:27:36,2023-06-22 00:48:36,EVS-7,EV-2603,58.8,141,20.95
2023-02-28 07:58:59,2023-02-28 10:06:59,EVS-28,EV-5358,29.7,128,21.03
2023-07-28 14:17:30,2023-07-28 17:14:30,EVS-38,EV-7513,61.9,177,16.0
2023-08-22 02:00:38,2023-08-22 05:06:38,EVS-3,EV-5060,27.1,186,21.29
2023-12-23 13:54:10,2023-12-23 17:56:10,EVS-10,EV-3092,74.3,242,16.34
2023-09-30 07:02:14,2023-09-30 11:03:14,EVS-33,EV-7288,24.0,241,14.28
2023-01-17 07:20:37,2023-01-17 07:54:37,EVS-11,EV-9258,71.5,34,25.04
2023-06-11 21:16:13,2023-06-12 00:44:13,EVS-45,EV-3590,40.6,208,9.29
2023-09-03 19:06:18,2023-09-03 20:26:18,EVS-19,EV-6699,5.4,80,24.98
2023-09-07 09:01:06,2023-09-07 13:00:06,EVS-2,EV-8877,10.6,239,12.85
2023-01-04 08:14:45,2023-01-04 10:42:45,EVS-3,EV-8030,18.7,148,18.17
2023-02-28 22:40:48,2023-03-01 02:29:48,EVS-1,EV-4626,57.5,229,10.96
2023-12-31 12:24:13,2023-12-31 15:19:13,EVS-29,EV-9688,62.6,175,11.13
2023-09-21 16:14:35,2023-09-21 17:03:35,EVS-47,EV-7064,22.0,49,20.61
2023-07-25 17:04:17,2023-07-25 20:27:17,EVS-35,EV-4926,57.2,203,27.71
2023-06-30 13:48:57,2023-06-30 16:47:57,EVS-32,EV-7027,73.8,179,4.21
2023-11-01 12:17:29,2023-11-01 15:25:29,EVS-30,EV-4518,64.8,188,25.97
2023-12-02 16:04:38,2023-12-02 19:04:38,EVS-27,EV-7574,27.6,180,18.47
2023-09-11 20:40:14,2023-09-12 01:22:14,EVS-37,EV-2625,17.9,282,6.78
2023-11-24 23:45:13,2023-11-25 00:24:13,EVS-41,EV-6261,71.8,39,12.03
2023-01-26 13:52:37,2023-01-26 15:38:37,EVS-41,EV-5946,18.5,106,8.45
2023-01-21 07:23:40,2023-01-21 08:12:40,EVS-27,EV-5187,31.1,49,22.95
2023-01-15 08:47:31,2023-01-15 10:53:31,EVS-23,EV-2972,58.1,126,26.83
2023-07-14 12:06:35,2023-07-14 14:23:35,EVS-31,EV-6380,24.9,137,20.14
2023-10-06 03:11:26,2023-10-06 04:30:26,EVS-36,EV-9562,36.0,79,3.18
2023-04-28 01:28:34,2023-04-28 03:43:34,EVS-47,EV-6109,44.0,135,21.24
2023-06-22 06:19:38,2023-06-22 08:16:38,EVS-6,EV-9072,45.3,117,16.9
2023-04-09 03:55:51,2023-04-09 06:23:51,EVS-34,EV-1163,57.3,148,19.57
2023-05-14 18:35:34,2023-05-14 19:41:34,EVS-26,EV-1166,32.9,66,19.46
2023-01-06 22:13:35,2023-01-07 01:00:35,EVS-37,EV-5354,40.6,167,9.82
2023-04-16 17:30:17,2023-04-16 20:32:17,EVS-5,EV-1262,53.3,182,20.31
2023-09-22 15:39:02,2023-09-22 17:28:02,EVS-39,EV-8358,69.2,109,7.06
2023-05-04 13:20:46,2023-05-04 17:37:46,EVS-38,EV-8392,72.3,257,12.09
2023-12-18 15:29:57,2023-12-18 17:21:57,EVS-7,EV-3322,43.7,112,18.0
2023-11-23 01:23:52,2023-11-23 06:02:52,EVS-32,EV-7276,76.9,279,15.03
2023-06-21 13:21:40,2023-06-21 13:54:40,EVS-17,EV-9277,76.7,33,14.39
2023-03-01 04:04:00,2023-03-01 06:16:00,EVS-24,EV-2637,60.3,132,12.21
2023-02-21 23:37:50,2023-02-22 04:21:50,EVS-34,EV-6633,73.5,284,19.31
2023-01-04 01:47:04,2023-01-04 03:35:04,EVS-29,EV-5264,21.5,108,17.56
2023-01-22 12:33:21,2023-01-22 15:12:21,EVS-30,EV-7518,21.0,159,8.69
2023-06-04 07:46:26,2023-06-04 08:41:26,EVS-23,EV-1989,70.1,55,24.2
2023-12-25 01:18:53,2023-12-25 05:13:53,EVS-45,EV-7854,64.3,235,10.74
2023-03-27 08:46:00,2023-03-27 09:37:00,EVS-4,EV-7791,19.5,51,25.18
2023-11-19 13:16:31,2023-11-19 18:08:31,EVS-13,EV-8483,47.5,292,25.88
2023-04-07 22:41:11,2023-04-07 23:42:11,EVS-48,EV-3413,42.3,61,29.96
2023-10-30 18:39:21,2023-10-30 19:39:21,EVS-46,EV-2979,21.3,60,11.15
2023-12-21 08:58:21,2023-12-21 10:30:21,EVS-24,EV-8489,22.2,92,23.71
2023-11-19 07:39:57,2023-11-19 07:59:57,EVS-35,EV-5027,18.9,20,28.08
2023-06-03 18:17:11,2023-06-03 18:52:11,EVS-12,EV-2829,22.1,35,20.42
2023-01-14 09:04:01,2023-01-14 10:36:01,EVS-28,EV-5259,42.9,92,28.8
2023-06-20 20:40:13,2023-06-21 01:06:13,EVS-44,EV-1805,41.6,266,5.42
2023-12-04 08:20:00,2023-12-04 08:48:00,EVS-42,EV-5425,21.0,28,22.94
2023-05-29 09:20:09,2023-05-29 11:53:09,EVS-38,EV-4520,45.4,153,12.52
2023-06-06 14:21:53,2023-06-06 14:38:53,EVS-32,EV-1606,52.7,17,4.26
2023-04-09 01:09:48,2023-04-09 02:17:48,EVS-44,EV-8754,54.1,68,22.51
2023-07-25 16:26:18,2023-07-25 18:10:18,EVS-10,EV-9400,47.3,104,27.75
2023-11-24 16:13:24,2023-11-24 20:40:24,EVS-44,EV-7366,37.5,267,4.11
2023-06-28 12:27:13,2023-06-28 15:17:13,EVS-38,EV-6804,11.1,170,8.61
2023-10-10 18:26:19,2023-10-10 21:20:19,EVS-46,EV-6385,39.1,174,5.99
2023-02-28 08:16:24,2023-02-28 12:55:24,EVS-26,EV-9709,33.9,279,2.41
2023-12-14 03:03:26,2023-12-14 03:21:26,EVS-31,EV-5806,57.6,18,29.47
2023-09-17 23:09:21,2023-09-17 23:36:21,EVS-45,EV-2394,47.0,27,3.81
2023-04-26 16:30:48,2023-04-26 19:12:48,EVS-37,EV-6535,76.8,162,24.08
2023-06-15 06:46:34,2023-06-15 10:06:34,EVS-18,EV-4202,44.2,200,10.97
2023-09-03 16:59:27,2023-09-03 21:00:27,EVS-36,EV-6643,12.3,241,24.54
2023-11-29 09:30:40,2023-11-29 12:35:40,EVS-12,EV-3588,68.5,185,12.3
2023-07-30 14:00:24,2023-07-30 18:46:24,EVS-38,EV-8100,24.6,286,13.49
2023-08-23 20:20:49,2023-08-23 22:38:49,EVS-49,EV-5467,33.9,138,20.56
2023-02-22 14:04:53,2023-02-22 16:45:53,EVS-30,EV-9346,51.1,161,6.02
2023-10-16 12:46:20,2023-10-16 15:25:20,EVS-35,EV-5862,8.8,159,6.35
2023-01-30 10:20:21,2023-01-30 14:28:21,EVS-25,EV-1024,59.2,248,21.77
2023-04-12 08:55:20,2023-04-12 09:36:20,EVS-4,EV-2185,42.6,41,16.79
2023-06-06 09:57:29,2023-06-06 14:47:29,EVS-37,EV-4846,28.4,290,8.93
2023-01-01 21:35:02,2023-01-02 01:00:02,EVS-12,EV-1970,49.0,205,17.74
2023-05-26 09:21:30,2023-05-26 13:57:30,EVS-42,EV-3253,72.7,276,18.14
2023-09-04 07:38:58,2023-09-04 12:09:58,EVS-3,EV-7601,64.4,271,7.61
2023-06-29 03:32:29,2023-06-29 07:10:29,EVS-10,EV-5679,40.6,218,6.47
2023-01-05 05:57:15,2023-01-05 09:25:15,EVS-48,EV-1836,50.8,208,26.16
2023-11-01 21:28:52,2023-11-01 22:59:52,EVS-24,EV-5094,5.9,91,28.46
2023-09-16 09:09:21,2023-09-16 09:54:21,EVS-24,EV-8347,38.9,45,5.55
2023-06-18 10:00:15,2023-06-18 11:14:15,EVS-19,EV-5209,14.8,74,29.82
2023-01-16 23:48:53,2023-01-17 03:33:53,EVS-13,EV-8042,76.9,225,22.75
2023-07-09 13:42:35,2023-07-09 14:51:35,EVS-13,EV-4621,5.3,69,7.1
2023-08-25 22:31:03,2023-08-25 22:50:03,EVS-46,EV-5284,64.1,19,25.08
2023-06-02 13:37:46,2023-06-02 15:59:46,EVS-36,EV-2527,27.5,142,9.04
2023-05-30 11:41:17,2023-05-30 15:27:17,EVS-5,EV-2174,61.3,226,23.83
2023-07-05 02:17:51,2023-07-05 04:14:51,EVS-17,EV-1344,26.7,117,22.62
2023-07-21 22:27:57,2023-07-22 02:51:57,EVS-39,EV-2440,62.2,264,9.44
2023-06-10 23:41:09,2023-06-11 00:43:09,EVS-36,EV-8685,53.0,62,21.25
2023-12-06 12:42:23,2023-12-06 16:14:23,EVS-2,EV-7102,6.2,212,6.73
2023-09-20 02:28:01,2023-09-20 05:07:01,EVS-30,EV-4842,25.6,159,26.87
