trip_start,trip_end,duration_min,distance_km,fare_usd,driver_id,vehicle_id
2023-11-29 14:50:27,2023-11-29 15:45:27,55,7.02,48.91,DRV-5446,CAR-7018
2023-01-05 16:45:37,2023-01-05 17:07:37,22,27.52,16.37,DRV-7871,CAR-7931
2023-05-15 21:12:30,2023-05-15 22:06:30,54,27.77,53.51,DRV-4210,CAR-6881
2023-03-24 23:41:12,2023-03-25 00:31:12,50,28.32,56.34,DRV-3464,CAR-5993
2023-04-28 12:31:49,2023-04-28 13:20:49,49,1.7,42.41,DRV-5865,CAR-3673
2023-05-06 00:35:57,2023-05-06 00:55:57,20,24.49,39.18,DRV-7052,CAR-2342
2023-05-25 07:45:58,2023-05-25 08:49:58,64,16.67,30.74,DRV-4422,CAR-3881
2023-07-26 04:52:39,2023-07-26 05:58:39,66,23.2,44.69,DRV-1445,CAR-2255
2023-02-10 02:39:10,2023-02-10 03:25:10,46,21.46,39.04,DRV-4256,CAR-9763
2023-07-18 21:13:46,2023-07-18 22:40:46,87,23.03,9.62,DRV-4518,CAR-9039
2023-12-16 15:04:45,2023-12-16 15:18:45,14,20.45,20.58,DRV-4903,CAR-7866
2023-11-09 09:42:54,2023-11-09 10:22:54,40,5.4,58.78,DRV-5564,CAR-6618
2023-04-16 22:38:20,2023-04-16 23:10:20,32,18.91,11.54,DRV-2527,CAR-1803
2023-05-13 08:41:18,2023-05-13 09:55:18,74,11.36,39.16,DRV-2428,CAR-8455
2023-07-27 04:57:29,2023-07-27 06:16:29,79,3.15,40.15,DRV-2237,CAR-9485
2023-06-09 22:40:07,2023-06-09 23:31:07,51,7.89,14.8,DRV-9977,CAR-7048
2023-04-18 23:21:02,2023-04-19 00:06:02,45,15.16,52.01,DRV-7086,CAR-3104
2023-01-21 05:29:45,2023-01-21 06:27:45,58,13.2,33.79,DRV-6614,CAR-9032
2023-06-07 00:45:37,2023-06-07 02:14:37,89,12.58,8.29,DRV-5907,CAR-6903
2023-07-17 04:49:22,2023-07-17 05:04:22,15,5.27,9.41,DRV-2903,CAR-2139
2023-09-29 00:46:58,2023-09-29 01:09:58,23,17.18,11.71,DRV-7660,CAR-5690
2023-08-22 03:57:08,2023-08-22 04:58:08,61,16.4,48.32,DRV-2720,CAR-4235
2023-08-19 17:13:06,2023-08-19 17:37:06,24,27.42,23.91,DRV-9164,CAR-3837
2023-12-02 18:17:12,2023-12-02 19:43:12,86,3.07,36.44,DRV-3734,CAR-6207
2023-09-10 16:13:58,2023-09-10 16:39:58,26,7.32,13.41,DRV-1003,CAR-8762
2023-07-13 12:43:44,2023-07-13 12:49:44,6,23.22,22.56,DRV-7257,CAR-7790
2023-01-20 07:18:42,2023-01-20 08:09:42,51,24.21,25.76,DRV-9269,CAR-8286
2023-10-13 20:55:41,2023-10-13 21:23:41,28,10.87,35.0,DRV-4672,CAR-4147
2023-06-27 11:59:30,2023-06-27 12:35:30,36,19.28,32.95,DRV-4683,CAR-6866
2023-07-01 19:01:33,2023-07-01 20:25:33,84,2.44,16.26,DRV-8358,CAR-9122
2023-02-17 06:31:26,2023-02-17 06:41:26,10,23.57,27.18,DRV-9654,CAR-6523
2023-11-21 23:08:08,2023-11-21 23:47:08,39,13.99,31.68,DRV-1201,CAR-3298
2023-11-08 15:42:48,2023-11-08 16:04:48,22,26.19,5.41,DRV-4341,CAR-9274
2023-02-11 16:15:01,2023-02-11 17:13:01,58,19.33,56.39,DRV-7723,CAR-8765
2023-12-27 08:56:03,2023-12-27 10:06:03,70,26.69,19.68,DRV-9932,CAR-5457
2023-09-15 09:36:19,2023-09-15 10:53:19,77,2.42,45.49,DRV-4956,CAR-1583
2023-11-23 21:43:52,2023-11-23 21:52:52,9,8.25,43.6,DRV-7437,CAR-9239
2023-09-26 19:11:56,2023-09-26 20:35:56,84,14.29,14.67,DRV-3628,CAR-6604
2023-01-03 16:00:09,2023-01-03 16:56:09,56,20.37,49.39,DRV-8942,CAR-6779
2023-04-11 00:06:03,2023-04-11 00:45:03,39,13.9,18.5,DRV-1000,CAR-9499
2023-04-02 12:09:18,2023-04-02 13:04:18,55,11.28,49.45,DRV-8454,CAR-3878
2023-09-09 00:19:13,2023-09-09 00:29:13,10,15.78,5.76,DRV-5962,CAR-4654
2023-07-02 05:57:47,2023-07-02 07:12:47,75,3.22,7.97,DRV-6636,CAR-9604
2023-12-20 11:07:49,2023-12-20 12:33:49,86,11.85,41.36,DRV-8482,CAR-1928
2023-01-11 20:50:22,2023-01-11 22:16:22,86,14.82,54.22,DRV-6727,CAR-7690
2023-01-17 08:20:51,2023-01-17 09:20:51,60,8.93,58.07,DRV-8497,CAR-5758
2023-06-17 10:19:44,2023-06-17 10:36:44,17,20.35,59.57,DRV-1873,CAR-1144
2023-06-17 18:38:12,2023-06-17 19:31:12,53,22.68,21.99,DRV-1469,CAR-7465
2023-11-22 15:29:32,2023-11-22 16:19:32,50,7.03,41.46,DRV-4829,CAR-8564
2023-05-08 01:19:12,2023-05-08 02:47:12,88,4.9,42.45,DRV-1481,CAR-6523
2023-08-29 18:21:17,2023-08-29 18:46:17,25,22.14,21.74,DRV-2024,CAR-4089
2023-09-15 23:21:31,2023-09-16 00:22:31,61,17.66,15.77,DRV-6175,CAR-2174
2023-08-28 07:19:26,2023-08-28 08:21:26,62,14.28,36.47,DRV-4960,CAR-7532
2023-01-27 09:25:48,2023-01-27 10:20:48,55,27.02,37.46,DRV-2560,CAR-8645
2023-10-06 11:22:15,2023-10-06 11:27:15,5,16.15,20.67,DRV-4896,CAR-9629
2023-04-10 10:33:23,2023-04-10 10:48:23,15,5.21,12.48,DRV-2952,CAR-1837
2023-09-05 17:12:03,2023-09-05 17:19:03,7,12.64,5.23,DRV-5884,CAR-3955
2023-06-13 11:04:54,2023-06-13 12:09:54,65,15.98,22.27,DRV-3893,CAR-7907
2023-06-04 11:27:15,2023-06-04 12:42:15,75,10.07,48.44,DRV-8007,CAR-4460
2023-01-30 05:50:38,2023-01-30 06:52:38,62,8.7,11.18,DRV-4778,CAR-4244
2023-01-10 12:35:24,2023-01-10 13:17:24,42,25.86,24.1,DRV-3575,CAR-5381
2023-03-29 19:59:38,2023-03-29 20:14:38,15,14.73,52.54,DRV-1405,CAR-7953
2023-08-31 07:25:16,2023-08-31 07:44:16,19,27.14,22.42,DRV-8433,CAR-9537
2023-01-06 23:53:18,2023-01-07 00:16:18,23,15.46,28.39,DRV-6340,CAR-6497
2023-10-31 13:01:20,2023-10-31 14:07:20,66,3.29,36.99,DRV-4637,CAR-5618
2023-11-14 12:34:18,2023-11-14 14:00:18,86,13.69,39.27,DRV-3810,CAR-2451
2023-08-26 10:57:09,2023-08-26 12:26:09,89,18.09,16.82,DRV-7944,CAR-5388
2023-09-20 17:03:59,2023-09-20 17:17:59,14,12.78,12.72,DRV-6020,CAR-3528
2023-09-14 23:19:25,2023-09-14 23:59:25,40,6.26,26.53,DRV-1860,CAR-2055
2023-07-25 00:21:22,2023-07-25 01:26:22,65,9.75,54.93,DRV-4219,CAR-9709
2023-11-25 08:16:11,2023-11-25 09:29:11,73,19.74,52.67,DRV-9544,CAR-8606
2023-11-17 22:59:06,2023-11-17 23:52:06,53,20.52,14.93,DRV-1221,CAR-3190
2023-02-25 20:20:45,2023-02-25 20:47:45,27,18.52,29.39,DRV-2227,CAR-7291
2023-12-29 14:37:54,2023-12-29 15:21:54,44,9.19,37.47,DRV-5905,CAR-6780
2023-07-07 11:04:30,2023-07-07 11:41:30,37,23.42,25.8,DRV-9359,CAR-8533
2023-11-24 02:34:05,2023-11-24 02:39:05,5,22.47,22.81,DRV-9471,CAR-5334
2023-07-10 05:25:11,2023-07-10 06:36:11,71,10.19,19.0,DRV-4995,CAR-6387
2023-09-05 20:23:57,2023-09-05 21:29:57,66,16.38,53.68,DRV-5680,CAR-7635
2023-07-03 03:41:21,2023-07-03 04:32:21,51,14.07,40.89,DRV-7939,CAR-7258
2023-06-03 23:33:07,2023-06-03 23:58:07,25,16.76,54.5,DRV-5293,CAR-4745
2023-10-21 14:20:54,2023-10-21 15:21:54,61,9.25,45.38,DRV-7951,CAR-7920
2023-05-08 20:38:57,2023-05-08 21:33:57,55,2.9,5.09,DRV-6824,CAR-8016
2023-12-28 19:45:24,2023-12-28 20:41:24,56,25.78,57.28,DRV-1244,CAR-9850
2023-08-12 22:58:04,2023-08-12 23:57:04,59,6.7,14.39,DRV-5101,CAR-5259
2023-08-26 09:07:29,2023-08-26 09:17:29,10,22.69,49.25,DRV-2622,CAR-1416
2023-02-28 09:35:41,2023-02-28 09:52:41,17,13.75,57.72,DRV-8382,CAR-1028
2023-01-02 00:52:55,2023-01-02 02:17:55,85,25.77,34.7,DRV-3180,CAR-1217
2023-08-10 23:55:41,2023-08-11 00:17:41,22,16.21,41.03,DRV-5731,CAR-6393
2023-02-24 22:54:26,2023-02-24 23:03:26,9,22.79,8.7,DRV-3490,CAR-7227
2023-04-11 12:17:16,2023-04-11 12:28:16,11,15.04,32.57,DRV-5761,CAR-8966
2023-02-14 02:54:08,2023-02-14 04:16:08,82,18.11,45.1,DRV-8502,CAR-5212
2023-10-29 13:43:13,2023-10-29 14:56:13,73,8.66,54.76,DRV-1840,CAR-6528
2023-06-19 18:14:47,2023-06-19 18:59:47,45,10.83,18.55,DRV-9412,CAR-6611
2023-10-03 01:38:01,2023-10-03 01:56:01,18,3.01,57.38,DRV-1527,CAR-4996
2023-11-10 02:07:10,2023-11-10 02:20:10,13,25.15,47.6,DRV-4347,CAR-3983
2023-12-01 05:00:39,2023-12-01 05:46:39,46,29.43,22.06,DRV-4592,CAR-9394
2023-05-28 20:43:43,2023-05-28 22:08:43,85,28.66,31.11,DRV-6737,CAR-5716
2023-03-24 13:38:09,2023-03-24 13:46:09,8,10.35,23.87,DRV-1739,CAR-1454
2023-01-02 13:18:15,2023-01-02 14:03:15,45,22.21,33.81,DRV-1594,CAR-9988
2023-08-21 13:14:21,2023-08-21 13:23:21,9,27.86,51.09,DRV-7099,CAR-6959
2023-10-05 12:06:29,2023-10-05 13:26:29,80,3.74,17.98,DRV-4828,CAR-3070
2023-08-25 00:10:42,2023-08-25 01:34:42,84,2.11,34.6,DRV-9445,CAR-3770
2023-03-15 08:46:19,2023-03-15 09:22:19,36,17.68,23.45,DRV-5486,CAR-3629
2023-04-03 21:01:22,2023-04-03 22:01:22,60,13.29,7.54,DRV-1591,CAR-2805
2023-05-09 05:32:09,2023-05-09 05:52:09,20,20.62,8.66,DRV-2248,CAR-3478
2023-06-16 09:10:51,2023-06-16 09:57:51,47,6.51,55.89,DRV-6082,CAR-9182
2023-01-13 05:39:14,2023-01-13 06:05:14,26,16.81,24.17,DRV-5248,CAR-3881
2023-10-16 06:54:48,2023-10-16 08:24:48,90,19.79,58.77,DRV-6127,CAR-4294
2023-11-24 12:07:32,2023-11-24 13:07:32,60,9.2,15.19,DRV-3616,CAR-4382
2023-01-17 14:34:43,2023-01-17 15:07:43,33,22.92,33.52,DRV-1649,CAR-8225
2023-01-29 07:32:01,2023-01-29 08:58:01,86,12.48,16.91,DRV-1707,CAR-2737
2023-02-27 07:42:57,2023-02-27 08:12:57,30,12.93,35.14,DRV-1350,CAR-2903
2023-08-23 11:11:00,2023-08-23 12:38:00,87,13.62,45.11,DRV-6026,CAR-3405
2023-12-10 10:57:50,2023-12-10 11:57:50,60,19.29,31.55,DRV-4867,CAR-3207
2023-12-13 02:45:14,2023-12-13 03:32:14,47,20.58,57.54,DRV-6484,CAR-9890
2023-03-31 12:14:29,2023-03-31 13:05:29,51,16.61,28.21,DRV-6548,CAR-8277
2023-07-21 04:46:13,2023-07-21 04:51:13,5,23.34,59.1,DRV-6252,CAR-2540
2023-02-24 11:25:23,2023-02-24 12:29:23,64,13.87,14.88,DRV-5820,CAR-2629
2023-08-08 08:09:16,2023-08-08 08:39:16,30,18.93,17.87,DRV-7197,CAR-3110
2023-12-22 23:57:05,2023-12-23 01:23:05,86,29.35,23.13,DRV-2439,CAR-2074
2023-06-28 16:43:44,2023-06-28 16:49:44,6,12.29,14.98,DRV-7702,CAR-9988
2023-08-17 04:20:12,2023-08-17 05:33:12,73,14.06,55.3,DRV-9299,CAR-4048
2023-06-30 15:50:42,2023-06-30 16:27:42,37,7.19,11.92,DRV-7168,CAR-9711
2023-11-14 14:20:04,2023-11-14 15:22:04,62,25.76,11.39,DRV-4864,CAR-3012
2023-11-30 02:37:52,2023-11-30 02:48:52,11,3.46,51.55,DRV-9509,CAR-7337
2023-11-14 19:59:56,2023-11-14 20:28:56,29,6.47,18.68,DRV-2865,CAR-6599
2023-05-09 14:35:43,2023-05-09 15:38:43,63,18.17,43.08,DRV-1851,CAR-6614
2023-12-25 10:54:15,2023-12-25 11:00:15,6,24.16,51.6,DRV-7933,CAR-1317
2023-08-15 22:26:14,2023-08-15 23:38:14,72,20.79,17.66,DRV-2623,CAR-1491
2023-11-05 16:54:49,2023-11-05 17:56:49,62,18.74,24.57,DRV-4541,CAR-3164
2023-10-17 18:49:34,2023-10-17 19:53:34,64,23.38,39.65,DRV-6175,CAR-5757
2023-07-04 07:04:28,2023-07-04 08:19:28,75,22.59,46.09,DRV-3997,CAR-1547
2023-11-29 01:21:27,2023-11-29 01:42:27,21,24.29,6.4,DRV-4381,CAR-2313
2023-05-03 07:35:49,2023-05-03 07:55:49,20,29.18,28.23,DRV-9519,CAR-7118
2023-08-23 14:34:32,2023-08-23 14:46:32,12,18.61,53.34,DRV-5175,CAR-4188
2023-03-23 13:52:13,2023-03-23 14:34:13,42,26.61,8.99,DRV-8400,CAR-6987
2023-12-11 09:00:39,2023-12-11 10:11:39,71,21.49,59.83,DRV-7373,CAR-6559
2023-03-31 16:57:42,2023-03-31 17:45:42,48,21.14,22.35,DRV-8141,CAR-7181
2023-07-06 00:22:05,2023-07-06 00:44:05,22,14.8,37.97,DRV-8950,CAR-6928
2023-07-03 14:55:30,2023-07-03 15:32:30,37,17.46,7.59,DRV-5438,CAR-8363
2023-08-14 04:00:11,2023-08-14 04:55:11,55,29.16,16.11,DRV-6068,CAR-4691
2023-11-26 01:15:55,2023-11-26 02:36:55,81,6.48,47.36,DRV-2195,CAR-4982
2023-05-27 01:37:31,2023-05-27 02:51:31,74,16.73,42.9,DRV-7320,CAR-9348
2023-02-04 00:58:35,2023-02-04 01:59:35,61,5.61,45.52,DRV-9270,CAR-1464
2023-12-31 12:11:05,2023-12-31 12:35:05,24,24.98,27.75,DRV-1057,CAR-2769
2023-06-01 22:11:15,2023-06-01 23:40:15,89,5.34,15.86,DRV-6307,CAR-2548
2023-07-24 20:07:54,2023-07-24 21:29:54,82,6.0,30.57,DRV-3868,CAR-2588
2023-05-30 23:47:00,2023-05-31 01:00:00,73,18.38,50.46,DRV-4302,CAR-4035
2023-05-12 14:29:03,2023-05-12 15:50:03,81,1.12,39.46,DRV-7230,CAR-7038
2023-09-11 23:51:20,2023-09-12 01:15:20,84,12.78,16.34,DRV-4290,CAR-2282
2023-02-06 13:39:19,2023-02-06 15:08:19,89,25.62,23.94,DRV-2303,CAR-6149
2023-11-22 06:14:12,2023-11-22 07:37:12,83,14.19,37.84,DRV-2872,CAR-8407
2023-07-26 12:35:39,2023-07-26 14:04:39,89,26.98,17.91,DRV-9534,CAR-1747
2023-02-07 19:42:42,2023-02-07 19:48:42,6,25.08,23.76,DRV-3124,CAR-8684
2023-01-02 08:19:46,2023-01-02 09:36:46,77,19.91,48.14,DRV-6694,CAR-2150
2023-07-11 03:39:02,2023-07-11 04:26:02,47,25.97,55.41,DRV-4340,CAR-4621
2023-11-11 18:47:14,2023-11-11 19:00:14,13,11.66,47.47,DRV-8067,CAR-7033
2023-03-19 00:29:30,2023-03-19 01:38:30,69,4.8,24.71,DRV-2194,CAR-7714
2023-11-03 03:08:03,2023-11-03 04:37:03,89,20.47,41.41,DRV-9102,CAR-2632
2023-11-05 20:15:14,2023-11-05 21:16:14,61,24.24,10.62,DRV-3904,CAR-7698
2023-01-19 19:32:27,2023-01-19 19:44:27,12,7.59,36.84,DRV-1103,CAR-2404
2023-10-22 15:02:04,2023-10-22 15:11:04,9,13.37,46.73,DRV-5249,CAR-7476
2023-04-03 15:43:38,2023-04-03 16:06:38,23,13.24,49.43,DRV-1829,CAR-1007
2023-12-16 11:41:50,2023-12-16 11:57:50,16,20.56,30.01,DRV-1480,CAR-9590
2023-01-21 15:42:02,2023-01-21 16:02:02,20,27.02,42.99,DRV-7086,CAR-2755
2023-02-19 23:26:57,2023-02-19 23:45:57,19,11.16,5.07,DRV-1706,CAR-9157
2023-01-12 00:11:08,2023-01-12 00:54:08,43,15.25,17.89,DRV-5582,CAR-1176
2023-04-11 13:51:19,2023-04-11 14:28:19,37,3.12,49.39,DRV-4144,CAR-1605
2023-04-14 09:49:06,2023-04-14 11:19:06,90,16.18,50.19,DRV-9506,CAR-9202
2023-05-06 23:26:11,2023-05-07 00:56:11,90,27.82,13.11,DRV-4759,CAR-6563
2023-03-22 04:54:17,2023-03-22 06:16:17,82,10.08,45.13,DRV-6714,CAR-9178
2023-10-11 15:20:47,2023-10-11 16:24:47,64,19.55,42.39,DRV-3869,CAR-3206
2023-07-14 23:39:18,2023-07-15 00:15:18,36,6.54,25.31,DRV-1089,CAR-7058
2023-10-06 03:47:10,2023-10-06 04:07:10,20,5.57,57.75,DRV-6860,CAR-5321
2023-03-18 16:15:13,2023-03-18 17:11:13,56,11.99,45.17,DRV-3681,CAR-4862
2023-08-05 08:12:18,2023-08-05 09:35:18,83,3.62,8.1,DRV-7700,CAR-5272
2023-11-02 15:36:12,2023-11-02 16:10:12,34,10.06,39.38,DRV-6763,CAR-8673
2023-10-04 01:53:16,2023-10-04 02:21:16,28,5.06,37.77,DRV-8208,CAR-6923
2023-09-27 04:45:36,2023-09-27 06:09:36,84,25.04,53.68,DRV-5076,CAR-2887
2023-09-13 08:49:23,2023-09-13 08:57:23,8,8.35,11.99,DRV-4008,CAR-4638
2023-03-22 01:32:41,2023-03-22 02:50:41,78,16.52,53.02,DRV-2695,CAR-1888
2023-12-17 04:24:26,2023-12-17 05:13:26,49,23.51,57.03,DRV-4494,CAR-9334
2023-01-08 21:59:31,2023-01-08 22:20:31,21,7.92,8.99,DRV-9847,CAR-2075
2023-11-20 21:47:01,2023-11-20 22:08:01,21,26.71,44.31,DRV-9515,CAR-4738
2023-09-05 05:56:33,2023-09-05 06:41:33,45,21.66,37.6,DRV-4568,CAR-4323
2023-08-06 22:39:54,2023-08-06 23:29:54,50,4.23,10.17,DRV-1750,CAR-9357
2023-09-15 00:06:39,2023-09-15 01:03:39,57,25.01,19.07,DRV-2710,CAR-5479
2023-11-25 17:49:50,2023-11-25 18:07:50,18,5.55,55.14,DRV-4434,CAR-9336
2023-10-30 17:49:48,2023-10-30 18:47:48,58,11.23,5.19,DRV-8129,CAR-3877
2023-09-13 09:24:21,2023-09-13 10:36:21,72,22.17,18.34,DRV-5444,CAR-1779
2023-09-06 14:10:42,2023-09-06 15:38:42,88,6.93,33.45,DRV-5531,CAR-9984
2023-05-23 09:27:47,2023-05-23 10:26:47,59,9.8,16.04,DRV-1049,CAR-4343
2023-10-12 23:50:38,2023-10-13 01:15:38,85,1.57,14.67,DRV-5193,CAR-8216
2023-11-05 04:58:31,2023-11-05 06:12:31,74,14.53,49.05,DRV-5185,CAR-7755
2023-05-22 20:50:27,2023-05-22 21:34:27,44,3.34,55.84,DRV-3699,CAR-6959
2023-01-25 21:59:45,2023-01-25 22:35:45,36,15.67,27.09,DRV-5540,CAR-7852
2023-02-21 14:56:01,2023-02-21 16:08:01,72,26.04,46.77,DRV-2539,CAR-9796
2023-11-03 03:03:28,2023-11-03 03:17:28,14,16.96,47.4,DRV-4521,CAR-8551
2023-01-04 04:42:50,2023-01-04 06:09:50,87,9.52,36.91,DRV-8409,CAR-5903
2023-01-20 06:05:51,2023-01-20 07:10:51,65,7.7,8.62,DRV-3141,CAR-8480
2023-07-21 18:35:45,2023-07-21 19:22:45,47,6.05,14.5,DRV-5558,CAR-4089
2023-07-16 23:29:30,2023-07-17 00:10:30,41,27.04,13.41,DRV-9560,CAR-6083
2023-11-17 09:25:42,2023-11-17 10:26:42,61,29.77,17.67,DRV-8633,CAR-7467
2023-12-31 13:21:32,2023-12-31 14:25:32,64,13.51,55.04,DRV-3629,CAR-3965
2023-12-21 10:35:14,2023-12-21 11:52:14,77,18.03,8.91,DRV-2912,CAR-8737
2023-08-31 02:12:17,2023-08-31 02:55:17,43,21.08,50.43,DRV-9918,CAR-8004
2023-04-02 16:52:41,2023-04-02 17:22:41,30,15.66,16.12,DRV-6544,CAR-7061
2023-08-09 00:12:22,2023-08-09 00:38:22,26,3.84,42.31,DRV-9506,CAR-1604
2023-03-01 00:47:50,2023-03-01 00:59:50,12,12.78,36.1,DRV-1294,CAR-8202
2023-02-12 15:36:13,2023-02-12 16:13:13,37,15.95,26.98,DRV-4286,CAR-4980
2023-02-13 12:47:44,2023-02-13 12:56:44,9,22.61,29.29,DRV-9591,CAR-9419
2023-03-07 18:37:44,2023-03-07 19:20:44,43,27.61,5.87,DRV-6059,CAR-3882
2023-11-13 15:28:14,2023-11-13 16:50:14,82,6.88,44.95,DRV-9594,CAR-9317
2023-11-04 08:45:27,2023-11-04 08:50:27,5,1.97,31.72,DRV-5358,CAR-7381
2023-10-09 07:48:50,2023-10-09 08:35:50,47,7.63,16.19,DRV-8747,CAR-4322
2023-11-30 02:30:31,2023-11-30 02:38:31,8,27.02,28.08,DRV-7471,CAR-2998
2023-09-14 20:40:20,2023-09-14 21:38:20,58,3.48,54.2,DRV-1640,CAR-9379
2023-08-25 07:46:44,2023-08-25 09:09:44,83,12.93,28.33,DRV-4381,CAR-1263
2023-01-19 09:14:05,2023-01-19 09:32:05,18,14.95,19.99,DRV-2120,CAR-3021
2023-03-28 20:54:50,2023-03-28 22:11:50,77,6.58,15.95,DRV-7429,CAR-3192
2023-10-31 11:10:04,2023-10-31 11:59:04,49,23.37,54.86,DRV-8472,CAR-3944
2023-05-29 02:21:09,2023-05-29 03:32:09,71,9.34,7.94,DRV-2817,CAR-6697
2023-05-24 04:55:24,2023-05-24 05:20:24,25,29.21,14.38,DRV-1830,CAR-6406
2023-05-03 01:56:36,2023-05-03 02:30:36,34,11.96,33.82,DRV-7001,CAR-5536
2023-01-05 02:45:24,2023-01-05 03:21:24,36,15.13,32.99,DRV-8748,CAR-4259
2023-10-22 04:36:33,2023-10-22 05:01:33,25,29.46,55.43,DRV-7589,CAR-3996
2023-08-02 08:13:14,2023-08-02 09:26:14,73,19.39,47.76,DRV-3744,CAR-2492
2023-03-29 02:44:10,2023-03-29 03:40:10,56,26.16,53.03,DRV-5914,CAR-5975
2023-02-18 20:51:47,2023-02-18 21:33:47,42,15.27,7.8,DRV-9791,CAR-8786
2023-04-06 18:13:16,2023-04-06 18:35:16,22,22.65,37.58,DRV-8017,CAR-9544
2023-12-21 16:45:15,2023-12-21 16:58:15,13,22.17,28.58,DRV-3468,CAR-5712
2023-09-03 02:22:02,2023-09-03 02:45:02,23,23.54,26.71,DRV-4315,CAR-9680
2023-12-29 10:40:12,2023-12-29 11:57:12,77,3.03,21.94,DRV-9751,CAR-7166
2023-03-15 16:58:30,2023-03-15 17:22:30,24,20.69,16.47,DRV-2918,CAR-3229
2023-01-11 16:30:36,2023-01-11 17:34:36,64,17.37,49.7,DRV-7650,CAR-2121
2023-07-14 13:04:56,2023-07-14 14:01:56,57,1.33,26.34,DRV-6540,CAR-7570
2023-08-06 04:06:39,2023-08-06 04:56:39,50,6.12,17.64,DRV-9261,CAR-9918
2023-07-08 02:36:59,2023-07-08 02:46:59,10,24.27,49.7,DRV-4576,CAR-1249
2023-03-18 11:38:14,2023-03-18 12:44:14,66,5.88,21.71,DRV-3086,CAR-2690
2023-01-18 20:05:49,2023-01-18 21:30:49,85,3.26,30.41,DRV-4233,CAR-7512
2023-03-06 07:15:23,2023-03-06 07:37:23,22,14.76,51.16,DRV-5486,CAR-6973
2023-05-28 20:55:10,2023-05-28 22:13:10,78,9.47,6.18,DRV-1054,CAR-2234
2023-02-20 10:58:33,2023-02-20 11:30:33,32,29.53,12.15,DRV-9226,CAR-8113
2023-08-10 00:38:41,2023-08-10 00:51:41,13,8.19,34.1,DRV-2810,CAR-3428
2023-11-10 04:41:39,2023-11-10 05:14:39,33,19.98,13.09,DRV-1077,CAR-1915
2023-03-08 03:10:05,2023-03-08 03:33:05,23,26.37,57.9,DRV-7492,CAR-2104
2023-01-28 14:58:12,2023-01-28 15:15:12,17,5.57,38.87,DRV-7453,CAR-3433
2023-08-20 15:46:13,2023-08-20 16:10:13,24,9.72,32.06,DRV-5841,CAR-1481
2023-01-02 10:41:36,2023-01-02 11:29:36,48,9.44,26.29,DRV-2517,CAR-1191
2023-09-10 06:36:21,2023-09-10 07:25:21,49,10.51,52.14,DRV-2155,CAR-6555
2023-11-23 10:57:52,2023-11-23 11:04:52,7,1.73,27.96,DRV-5015,CAR-5280
2023-11-24 05:47:31,2023-11-24 05:55:31,8,29.39,46.19,DRV-8271,CAR-1328
2023-12-14 16:19:00,2023-12-14 16:25:00,6,15.57,17.23,DRV-2655,CAR-9649
2023-10-31 19:38:04,2023-10-31 19:48:04,10,17.58,26.05,DRV-5785,CAR-8123
2023-01-01 02:20:01,2023-01-01 02:39:01,19,3.94,13.5,DRV-1479,CAR-2454
2023-07-17 08:40:22,2023-07-17 09:02:22,22,18.64,25.81,DRV-6475,CAR-8895
2023-11-21 18:48:24,2023-11-21 19:57:24,69,17.59,41.64,DRV-3988,CAR-9471
2023-06-02 23:40:46,2023-06-02 23:53:46,13,27.26,42.29,DRV-1449,CAR-9465
2023-11-11 09:37:35,2023-11-11 10:05:35,28,25.45,48.3,DRV-3873,CAR-5215
2023-02-18 15:25:32,2023-02-18 16:02:32,37,25.27,41.44,DRV-3857,CAR-9238
2023-10-03 13:34:13,2023-10-03 14:12:13,38,9.56,43.23,DRV-8473,CAR-3361
2023-04-12 17:40:52,2023-04-12 18:31:52,51,27.46,26.58,DRV-9143,CAR-2794
2023-10-01 23:24:04,2023-10-01 23:30:04,6,11.28,46.99,DRV-8732,CAR-3393
2023-11-22 05:51:26,2023-11-22 06:02:26,11,17.86,46.35,DRV-6321,CAR-5840
2023-08-02 08:44:41,2023-08-02 09:58:41,74,3.49,56.18,DRV-3956,CAR-7472
2023-10-18 17:48:08,2023-10-18 18:15:08,27,10.74,12.69,DRV-2020,CAR-2171
2023-04-03 09:20:22,2023-04-03 10:13:22,53,8.88,51.75,DRV-7770,CAR-2214
2023-10-30 20:34:59,2023-10-30 21:37:59,63,27.22,36.77,DRV-6085,CAR-1366
2023-01-19 14:03:16,2023-01-19 15:15:16,72,15.69,36.76,DRV-2110,CAR-7264
2023-12-20 17:43:55,2023-12-20 19:08:55,85,19.44,31.84,DRV-1479,CAR-7739
2023-09-24 00:01:47,2023-09-24 00:29:47,28,18.02,55.47,DRV-9660,CAR-7740
2023-05-17 17:00:27,2023-05-17 17:22:27,22,29.35,11.68,DRV-1107,CAR-8513
2023-04-22 02:59:21,2023-04-22 03:43:21,44,16.11,8.31,DRV-3982,CAR-9623
2023-04-09 13:16:17,2023-04-09 13:42:17,26,20.87,33.35,DRV-1738,CAR-5933
2023-03-13 12:54:09,2023-03-13 13:38:09,44,15.86,36.22,DRV-8922,CAR-3169
2023-04-08 06:12:47,2023-04-08 07:41:47,89,9.26,35.93,DRV-2698,CAR-2715
2023-05-26 20:21:36,2023-05-26 21:31:36,70,20.88,47.49,DRV-6778,CAR-4109
2023-04-04 16:18:13,2023-04-04 17:36:13,78,13.28,59.07,DRV-5766,CAR-4743
2023-07-09 18:13:57,2023-07-09 19:36:57,83,14.22,16.94,DRV-3580,CAR-3850
2023-10-13 19:04:03,2023-10-13 20:16:03,72,5.88,6.13,DRV-3103,CAR-2825
2023-11-04 14:08:22,2023-11-04 15:11:22,63,2.59,27.42,DRV-6504,CAR-3195
2023-11-03 12:54:52,2023-11-03 14:16:52,82,16.01,28.54,DRV-6363,CAR-2090
2023-09-25 05:22:36,2023-09-25 05:35:36,13,21.03,36.35,DRV-5387,CAR-4282
2023-12-30 05:51:09,2023-12-30 06:28:09,37,14.5,55.05,DRV-6584,CAR-5943
2023-05-11 02:52:12,2023-05-11 04:15:12,83,16.67,59.54,DRV-4662,CAR-8744
2023-03-22 09:54:00,2023-03-22 11:13:00,79,11.81,53.56,DRV-1760,CAR-8601
2023-04-14 21:26:56,2023-04-14 22:26:56,60,19.19,24.39,DRV-7029,CAR-5486
2023-11-04 18:17:13,2023-11-04 19:29:13,72,13.25,30.07,DRV-3949,CAR-3274
2023-02-07 00:36:47,2023-02-07 01:06:47,30,22.45,15.97,DRV-3300,CAR-6197
2023-12-20 21:54:20,2023-12-20 22:28:20,34,14.49,14.1,DRV-3065,CAR-6632
2023-12-05 20:55:06,2023-12-05 21:01:06,6,6.45,49.61,DRV-8733,CAR-5917
2023-05-16 17:54:51,2023-05-16 18:49:51,55,19.9,41.29,DRV-7644,CAR-3610
2023-02-24 03:30:00,2023-02-24 03:51:00,21,3.66,40.61,DRV-6118,CAR-7033
2023-04-18 02:56:00,2023-04-18 04:14:00,78,5.83,17.3,DRV-5091,CAR-2811
2023-03-25 05:37:31,2023-03-25 06:32:31,55,7.93,10.68,DRV-9069,CAR-9520
2023-03-22 03:21:12,2023-03-22 03:26:12,5,21.99,39.35,DRV-9668,CAR-4745
2023-01-11 17:43:43,2023-01-11 18:27:43,44,23.83,6.59,DRV-8795,CAR-3376
2023-07-28 05:36:04,2023-07-28 06:37:04,61,6.16,33.5,DRV-1722,CAR-9072
2023-09-10 07:16:06,2023-09-10 07:23:06,7,10.59,7.08,DRV-8997,CAR-7613
2023-12-12 13:41:45,2023-12-12 14:27:45,46,19.49,16.16,DRV-7073,CAR-5684
2023-07-30 15:23:01,2023-07-30 16:37:01,74,23.16,30.46,DRV-2365,CAR-6154
2023-12-20 23:47:40,2023-12-21 00:34:40,47,18.94,29.16,DRV-8268,CAR-5263
2023-07-25 14:24:03,2023-07-25 15:53:03,89,15.96,46.37,DRV-7745,CAR-7156
2023-10-06 20:33:15,2023-10-06 20:39:15,6,6.04,59.26,DRV-4458,CAR-1950
2023-04-21 22:20:21,2023-04-21 22:45:21,25,3.68,37.3,DRV-9682,CAR-6532
2023-01-02 16:16:44,2023-01-02 17:06:44,50,20.62,55.67,DRV-2286,CAR-8645
2023-03-02 04:42:54,2023-03-02 05:51:54,69,17.59,13.27,DRV-1648,CAR-3154
2023-10-19 02:37:19,2023-10-19 02:56:19,19,7.39,11.96,DRV-9626,CAR-6293
2023-08-26 09:33:09,2023-08-26 10:28:09,55,20.51,44.49,DRV-8392,CAR-9279
2023-01-04 23:39:01,2023-01-04 23:51:01,12,16.27,10.71,DRV-1491,CAR-4217
2023-01-14 22:36:13,2023-01-14 23:18:13,42,7.02,26.36,DRV-6420,CAR-4748
2023-04-15 03:54:50,2023-04-15 04:07:50,13,23.53,18.4,DRV-1933,CAR-4206
2023-06-10 22:13:18,2023-06-10 22:36:18,23,21.74,15.25,DRV-4390,CAR-5701
2023-04-19 22:59:04,2023-04-19 23:39:04,40,9.26,8.67,DRV-2950,CAR-1998
2023-09-05 14:54:18,2023-09-05 15:59:18,65,17.08,20.41,DRV-6022,CAR-4008
2023-08-14 04:55:50,2023-08-14 05:34:50,39,29.83,12.16,DRV-9645,CAR-3923
2023-06-16 11:04:08,2023-06-16 11:48:08,44,11.14,51.76,DRV-9816,CAR-7457
2023-09-16 20:41:06,2023-09-16 20:55:06,14,25.42,17.52,DRV-1642,CAR-9161
2023-03-01 23:22:19,2023-03-02 00:30:19,68,8.44,40.71,DRV-2579,CAR-7460
2023-05-23 20:03:11,2023-05-23 20:37:11,34,10.66,28.35,DRV-9363,CAR-2883
2023-04-08 14:41:30,2023-04-08 15:46:30,65,18.64,37.53,DRV-6155,CAR-4705
2023-08-23 13:33:50,2023-08-23 14:46:50,73,26.97,55.45,DRV-4561,CAR-6872
2023-03-30 21:56:49,2023-03-30 22:11:49,15,18.4,31.54,DRV-4666,CAR-8392
2023-02-05 09:23:50,2023-02-05 10:01:50,38,25.19,48.93,DRV-3452,CAR-2619
2023-10-05 09:21:33,2023-10-05 10:15:33,54,11.96,14.98,DRV-4179,CAR-4269
2023-11-30 07:56:35,2023-11-30 09:22:35,86,7.2,17.77,DRV-3872,CAR-3001
2023-09-25 17:16:51,2023-09-25 17:52:51,36,23.53,9.47,DRV-7780,CAR-1654
2023-03-08 16:55:54,2023-03-08 17:54:54,59,15.89,33.12,DRV-2785,CAR-5769
2023-01-18 17:23:47,2023-01-18 17:49:47,26,3.51,10.53,DRV-7825,CAR-1496
2023-12-05 21:09:57,2023-12-05 21:30:57,21,13.33,17.06,DRV-9696,CAR-4074
2023-07-08 04:56:37,2023-07-08 05:08:37,12,16.63,34.06,DRV-3942,CAR-6886
2023-02-28 09:16:54,2023-02-28 10:04:54,48,17.97,57.5,DRV-3616,CAR-8333
2023-01-24 06:34:14,2023-01-24 07:54:14,80,17.3,40.67,DRV-7720,CAR-2740
2023-09-15 02:09:36,2023-09-15 03:39:36,90,25.96,19.04,DRV-3619,CAR-7902
2023-03-03 22:59:40,2023-03-04 00:00:40,61,22.66,16.97,DRV-1150,CAR-9147
2023-12-18 11:21:14,2023-12-18 12:46:14,85,12.34,39.77,DRV-3881,CAR-1550
2023-08-17 13:03:35,2023-08-17 14:08:35,65,1.12,45.14,DRV-1469,CAR-7306
2023-11-09 07:58:30,2023-11-09 08:24:30,26,14.37,14.3,DRV-8222,CAR-3584
2023-06-25 02:36:16,2023-06-25 03:50:16,74,1.14,40.64,DRV-6131,CAR-4663
2023-01-05 21:17:42,2023-01-05 22:04:42,47,7.38,11.51,DRV-5420,CAR-2335
2023-08-03 19:40:25,2023-08-03 20:50:25,70,11.71,13.29,DRV-6734,CAR-3597
2023-11-27 06:23:04,2023-11-27 07:26:04,63,5.55,20.75,DRV-1249,CAR-1482
2023-12-04 09:03:45,2023-12-04 09:48:45,45,29.16,45.23,DRV-4229,CAR-2158
2023-08-07 11:54:12,2023-08-07 13:04:12,70,5.59,18.33,DRV-5291,CAR-3953
2023-02-19 23:29:26,2023-02-19 23:34:26,5,25.32,59.7,DRV-1456,CAR-5266
2023-06-04 19:22:18,2023-06-04 19:48:18,26,17.17,17.26,DRV-2243,CAR-4230
2023-01-28 01:59:18,2023-01-28 02:59:18,60,19.68,53.79,DRV-9842,CAR-3137
2023-08-17 10:19:09,2023-08-17 10:25:09,6,19.12,51.59,DRV-9510,CAR-2914
2023-01-24 23:08:23,2023-01-25 00:32:23,84,21.21,40.96,DRV-3265,CAR-7273
2023-02-24 12:42:21,2023-02-24 13:13:21,31,6.15,29.46,DRV-8598,CAR-3493
2023-10-27 22:53:16,2023-10-27 23:05:16,12,28.04,21.94,DRV-2866,CAR-3630
2023-06-04 18:18:32,2023-06-04 18:57:32,39,21.71,12.78,DRV-5596,CAR-5976
2023-02-09 19:49:11,2023-02-09 20:39:11,50,12.74,51.45,DRV-7799,CAR-8147
2023-12-14 21:27:43,2023-12-14 22:51:43,84,10.15,34.32,DRV-8748,CAR-6987
2023-08-22 03:31:59,2023-08-22 04:21:59,50,2.79,43.97,DRV-7279,CAR-1892
2023-07-22 12:24:30,2023-07-22 13:26:30,62,16.43,41.77,DRV-9834,CAR-4566
2023-10-23 09:13:03,2023-10-23 09:41:03,28,15.08,7.32,DRV-6638,CAR-7064
2023-05-20 06:23:31,2023-05-20 07:08:31,45,3.62,44.1,DRV-1331,CAR-6927
2023-11-27 16:27:39,2023-11-27 17:33:39,66,29.3,24.12,DRV-8660,CAR-5590
2023-02-11 11:36:02,2023-02-11 12:34:02,58,25.33,19.39,DRV-5093,CAR-4028
2023-11-01 04:52:12,2023-11-01 05:57:12,65,19.22,58.2,DRV-8630,CAR-2493
2023-02-22 00:11:17,2023-02-22 01:15:17,64,3.8,42.09,DRV-4493,CAR-6025
2023-02-21 15:43:16,2023-02-21 16:25:16,42,11.6,15.41,DRV-5669,CAR-8410
2023-05-15 14:25:56,2023-05-15 15:07:56,42,19.37,57.47,DRV-6297,CAR-5979
2023-05-14 02:05:31,2023-05-14 03:20:31,75,8.41,56.13,DRV-9277,CAR-7780
2023-05-17 06:03:29,2023-05-17 07:20:29,77,21.57,11.99,DRV-6858,CAR-5400
2023-03-22 05:02:10,2023-03-22 06:01:10,59,8.88,26.76,DRV-4472,CAR-4323
2023-08-04 21:01:37,2023-08-04 21:10:37,9,7.47,37.51,DRV-1690,CAR-2986
2023-02-10 15:16:07,2023-02-10 15:27:07,11,21.5,54.85,DRV-3245,CAR-9616
2023-04-25 02:39:38,2023-04-25 03:44:38,65,21.19,23.18,DRV-4002,CAR-2040
2023-07-14 01:27:59,2023-07-14 02:20:59,53,29.61,7.02,DRV-2613,CAR-2540
2023-05-31 07:07:03,2023-05-31 07:20:03,13,17.53,24.29,DRV-7666,CAR-3772
2023-12-26 17:39:09,2023-12-26 18:12:09,33,8.07,8.91,DRV-2415,CAR-6469
2023-07-16 19:02:04,2023-07-16 20:20:04,78,5.5,18.04,DRV-8049,CAR-5321
2023-07-04 00:26:18,2023-07-04 00:56:18,30,14.81,40.27,DRV-1847,CAR-8918
2023-01-01 07:29:04,2023-01-01 07:39:04,10,24.31,59.33,DRV-1882,CAR-3485
2023-11-22 09:35:44,2023-11-22 11:05:44,90,22.47,7.78,DRV-4887,CAR-4931
2023-07-06 10:17:43,2023-07-06 10:32:43,15,23.68,29.96,DRV-6189,CAR-6748
2023-03-10 12:38:41,2023-03-10 13:56:41,78,26.17,53.07,DRV-1107,CAR-5188
2023-12-30 14:40:56,2023-12-30 15:57:56,77,11.46,37.08,DRV-5772,CAR-6723
2023-07-08 04:51:30,2023-07-08 06:04:30,73,5.47,29.15,DRV-2329,CAR-1751
2023-11-29 22:23:56,2023-11-29 23:43:56,80,28.56,43.96,DRV-4526,CAR-8353
2023-09-06 11:43:55,2023-09-06 12:00:55,17,25.0,48.09,DRV-3237,CAR-9907
2023-08-30 07:58:41,2023-08-30 08:59:41,61,20.54,45.3,DRV-1207,CAR-7196
2023-05-23 17:23:40,2023-05-23 18:39:40,76,4.46,56.05,DRV-3823,CAR-6563
2023-12-05 22:49:11,2023-12-05 23:39:11,50,16.25,18.73,DRV-7362,CAR-5646
2023-09-05 17:33:20,2023-09-05 18:30:20,57,18.19,34.35,DRV-3899,CAR-8453
2023-07-03 00:06:44,2023-07-03 00:33:44,27,10.93,58.83,DRV-1821,CAR-3987
2023-09-15 02:32:30,2023-09-15 03:58:30,86,22.78,39.4,DRV-8263,CAR-4752
2023-04-20 17:20:52,2023-04-20 17:58:52,38,22.82,24.28,DRV-5030,CAR-8874
2023-08-15 15:18:05,2023-08-15 15:25:05,7,23.23,46.29,DRV-6506,CAR-1784
2023-10-22 00:12:18,2023-10-22 01:41:18,89,3.77,13.81,DRV-9278,CAR-7198
2023-10-29 07:29:27,2023-10-29 08:36:27,67,27.4,9.89,DRV-8350,CAR-4475
2023-01-22 12:45:17,2023-01-22 13:26:17,41,15.16,56.29,DRV-8515,CAR-3736
2023-11-13 01:25:58,2023-11-13 02:48:58,83,1.63,17.96,DRV-5352,CAR-3090
2023-03-22 23:06:29,2023-03-22 23:49:29,43,2.01,46.86,DRV-5041,CAR-5807
2023-11-28 13:00:59,2023-11-28 13:29:59,29,25.78,59.64,DRV-4657,CAR-9696
2023-08-08 11:56:48,2023-08-08 12:40:48,44,1.36,22.59,DRV-1423,CAR-7204
2023-02-18 14:23:13,2023-02-18 14:31:13,8,1.75,23.71,DRV-9161,CAR-4728
2023-01-29 22:58:28,2023-01-29 23:57:28,59,8.19,42.69,DRV-2183,CAR-8030
2023-02-18 09:32:47,2023-02-18 10:40:47,68,9.51,13.78,DRV-6367,CAR-7300
2023-10-02 23:37:34,2023-10-03 00:02:34,25,11.35,18.22,DRV-4422,CAR-6009
2023-12-13 19:54:10,2023-12-13 20:32:10,38,22.61,26.02,DRV-1034,CAR-7695
2023-06-25 18:07:26,2023-06-25 18:38:26,31,22.18,38.12,DRV-7860,CAR-6100
2023-04-13 22:10:34,2023-04-13 23:19:34,69,24.64,26.66,DRV-5010,CAR-3511
2023-08-24 22:29:11,2023-08-24 23:01:11,32,24.66,33.11,DRV-4360,CAR-3955
2023-02-15 21:59:54,2023-02-15 22:46:54,47,5.28,57.29,DRV-7560,CAR-6381
2023-09-20 21:55:52,2023-09-20 23:02:52,67,4.33,25.79,DRV-8698,CAR-6505
2023-06-05 05:22:34,2023-06-05 06:31:34,69,15.34,24.9,DRV-8927,CAR-4768
2023-09-11 10:52:32,2023-09-11 11:09:32,17,20.41,35.11,DRV-9395,CAR-7270
2023-09-06 04:54:36,2023-09-06 05:01:36,7,8.07,13.73,DRV-1156,CAR-1551
2023-03-18 22:56:52,2023-03-19 00:26:52,90,14.06,39.93,DRV-3154,CAR-4597
2023-11-14 01:06:55,2023-11-14 02:26:55,80,14.94,34.45,DRV-3763,CAR-4263
2023-07-12 00:27:20,2023-07-12 01:16:20,49,2.12,46.39,DRV-3946,CAR-4432
2023-10-08 21:44:23,2023-10-08 22:00:23,16,24.59,58.06,DRV-1532,CAR-9416
2023-11-19 02:59:34,2023-11-19 03:23:34,24,27.23,10.25,DRV-2058,CAR-1718
2023-01-13 22:20:02,2023-01-13 23:32:02,72,1.82,47.79,DRV-4382,CAR-5825
2023-09-08 07:30:18,2023-09-08 08:55:18,85,4.33,37.99,DRV-1705,CAR-2770
2023-10-31 08:22:48,2023-10-31 09:22:48,60,1.59,56.27,DRV-1666,CAR-3193
2023-05-11 12:01:17,2023-05-11 13:04:17,63,19.46,12.27,DRV-8752,CAR-6489
2023-09-19 19:25:09,2023-09-19 20:16:09,51,1.72,34.92,DRV-3307,CAR-4869
2023-08-12 21:26:30,2023-08-12 22:19:30,53,18.03,30.74,DRV-1203,CAR-9534
2023-07-12 12:28:30,2023-07-12 12:44:30,16,14.65,51.57,DRV-8055,CAR-3521
2023-08-31 20:23:21,2023-08-31 21:20:21,57,25.93,20.75,DRV-8360,CAR-3503
2023-02-10 06:42:52,2023-02-10 07:02:52,20,18.04,48.8,DRV-2902,CAR-4327
2023-05-27 20:50:21,2023-05-27 21:21:21,31,18.38,37.71,DRV-2489,CAR-7412
2023-07-25 21:03:08,2023-07-25 21:57:08,54,19.02,53.62,DRV-3161,CAR-9071
2023-03-18 10:04:39,2023-03-18 11:32:39,88,19.05,48.96,DRV-7326,CAR-6630
2023-04-05 19:03:30,2023-04-05 19:35:30,32,13.79,31.09,DRV-1321,CAR-2862
2023-03-02 04:52:53,2023-03-02 05:02:53,10,15.87,7.06,DRV-6289,CAR-9383
2023-12-24 03:36:28,2023-12-24 04:59:28,83,9.49,11.3,DRV-9754,CAR-7571
2023-07-27 21:01:14,2023-07-27 21:28:14,27,19.01,29.08,DRV-2306,CAR-1557
2023-06-14 09:31:59,2023-06-14 10:03:59,32,12.06,20.62,DRV-3557,CAR-7493
2023-07-16 21:06:25,2023-07-16 21:37:25,31,14.01,14.86,DRV-9568,CAR-9526
2023-02-01 12:40:16,2023-02-01 12:55:16,15,14.15,49.24,DRV-9961,CAR-4763
2023-08-06 13:14:22,2023-08-06 14:36:22,82,25.18,11.91,DRV-2994,CAR-9005
2023-07-26 22:26:36,2023-07-26 23:11:36,45,1.98,48.52,DRV-8286,CAR-5728
2023-07-27 23:48:11,2023-07-28 00:23:11,35,28.35,12.31,DRV-1145,CAR-3124
2023-12-25 20:03:28,2023-12-25 20:20:28,17,6.95,45.91,DRV-1892,CAR-1837
2023-11-23 15:01:22,2023-11-23 15:41:22,40,5.2,34.94,DRV-5239,CAR-7244
2023-08-04 18:33:49,2023-08-04 19:06:49,33,11.68,8.3,DRV-3261,CAR-6575
2023-09-23 05:48:16,2023-09-23 06:34:16,46,13.09,46.04,DRV-6067,CAR-2125
2023-11-14 10:13:38,2023-11-14 10:46:38,33,11.95,24.72,DRV-8863,CAR-6109
2023-03-24 18:09:11,2023-03-24 19:32:11,83,2.07,7.77,DRV-5534,CAR-7367
2023-10-07 09:44:49,2023-10-07 10:12:49,28,24.51,9.86,DRV-9706,CAR-5210
2023-10-14 14:29:07,2023-10-14 14:43:07,14,11.39,26.96,DRV-1550,CAR-5961
2023-10-02 06:07:32,2023-10-02 07:12:32,65,13.86,27.95,DRV-5424,CAR-8945
2023-06-02 09:05:06,2023-06-02 09:59:06,54,11.45,59.05,DRV-4736,CAR-6318
2023-08-20 07:47:40,2023-08-20 07:52:40,5,7.41,36.29,DRV-4098,CAR-1184
2023-01-28 20:35:51,2023-01-28 22:01:51,86,13.45,16.48,DRV-4307,CAR-9747
2023-12-01 06:53:47,2023-12-01 07:11:47,18,22.61,23.29,DRV-7049,CAR-8618
2023-02-28 06:50:26,2023-02-28 08:15:26,85,21.39,35.23,DRV-7998,CAR-7704
2023-11-27 11:37:43,2023-11-27 11:54:43,17,28.91,18.7,DRV-7725,CAR-9506
2023-02-05 05:50:57,2023-02-05 06:31:57,41,26.91,55.24,DRV-9036,CAR-1651
2023-10-20 13:19:04,2023-10-20 14:01:04,42,28.22,6.76,DRV-1854,CAR-7965
2023-12-09 22:16:07,2023-12-09 22:37:07,21,1.15,55.66,DRV-5783,CAR-9370
2023-08-29 17:24:40,2023-08-29 17:48:40,24,19.4,21.58,DRV-3349,CAR-9481
2023-06-05 05:12:29,2023-06-05 06:36:29,84,22.26,47.75,DRV-9830,CAR-8250
2023-04-01 06:09:58,2023-04-01 07:24:58,75,20.44,20.28,DRV-5072,CAR-2927
2023-12-10 14:02:44,2023-12-10 14:16:44,14,23.13,48.7,DRV-1218,CAR-6468
2023-08-12 11:03:39,2023-08-12 12:22:39,79,25.4,45.3,DRV-9126,CAR-7069
2023-10-05 12:57:54,2023-10-05 13:29:54,32,24.71,39.25,DRV-7216,CAR-4480
2023-07-06 19:04:35,2023-07-06 19:37:35,33,29.11,33.93,DRV-7709,CAR-9992
2023-07-04 11:40:07,2023-07-04 12:34:07,54,26.89,33.59,DRV-8523,CAR-4016
2023-03-15 11:38:25,2023-03-15 12:09:25,31,10.5,49.16,DRV-4567,CAR-5837
2023-08-18 13:18:22,2023-08-18 14:02:22,44,22.79,28.32,DRV-1104,CAR-7166
2023-11-25 10:26:09,2023-11-25 11:30:09,64,3.24,30.19,DRV-2009,CAR-9010
2023-04-17 06:18:42,2023-04-17 07:39:42,81,28.26,26.76,DRV-8391,CAR-6614
2023-12-18 01:30:17,2023-12-18 02:57:17,87,6.16,12.43,DRV-1226,CAR-5892
2023-09-24 20:06:34,2023-09-24 20:50:34,44,5.43,25.88,DRV-7653,CAR-1881
2023-01-20 16:44:44,2023-01-20 17:36:44,52,26.15,38.01,DRV-6474,CAR-8186
2023-01-05 12:02:13,2023-01-05 12:56:13,54,5.14,22.71,DRV-4888,CAR-9832
2023-06-02 19:04:23,2023-06-02 20:25:23,81,29.87,37.74,DRV-6029,CAR-3579
2023-07-22 04:10:10,2023-07-22 05:18:10,68,15.45,44.56,DRV-2156,CAR-6194
2023-07-19 16:53:26,2023-07-19 17:43:26,50,1.31,37.42,DRV-3325,CAR-6713
2023-11-19 11:40:41,2023-11-19 12:48:41,68,7.03,16.33,DRV-8613,CAR-1251
2023-06-16 01:15:56,2023-06-16 02:44:56,89,21.11,41.7,DRV-3194,CAR-2673
2023-01-08 02:01:08,2023-01-08 02:32:08,31,5.35,49.02,DRV-9643,CAR-1917
2023-08-15 11:02:50,2023-08-15 12:11:50,69,5.53,35.17,DRV-5032,CAR-4102
2023-04-14 13:30:09,2023-04-14 13:40:09,10,10.96,49.14,DRV-3116,CAR-3859
2023-10-21 23:09:28,2023-10-22 00:21:28,72,2.46,48.29,DRV-2221,CAR-6597
2023-11-24 19:23:07,2023-11-24 20:45:07,82,1.42,57.87,DRV-7118,CAR-8254
2023-05-27 01:51:56,2023-05-27 02:47:56,56,29.07,57.62,DRV-7664,CAR-2562
2023-05-24 10:06:13,2023-05-24 10:51:13,45,8.82,50.35,DRV-1000,CAR-6390
2023-05-10 10:55:03,2023-05-10 11:53:03,58,10.06,35.33,DRV-4167,CAR-4489
2023-08-25 14:21:07,2023-08-25 15:29:07,68,10.17,50.71,DRV-2002,CAR-4839
2023-06-24 21:22:16,2023-06-24 22:07:16,45,16.49,9.97,DRV-1956,CAR-4586
2023-10-04 20:26:08,2023-10-04 21:34:08,68,10.97,5.21,DRV-4118,CAR-1440
2023-06-26 03:09:35,2023-06-26 03:36:35,27,13.34,15.3,DRV-6946,CAR-3472
2023-05-15 06:27:59,2023-05-15 07:41:59,74,5.67,54.02,DRV-8779,CAR-7957
2023-04-24 05:06:19,2023-04-24 06:22:19,76,3.26,36.79,DRV-6010,CAR-7751
2023-10-05 12:05:50,2023-10-05 12:39:50,34,2.08,56.72,DRV-4733,CAR-5254
2023-06-23 08:18:10,2023-06-23 09:14:10,56,6.31,40.86,DRV-9082,CAR-5037
2023-01-26 12:50:03,2023-01-26 13:19:03,29,10.78,22.51,DRV-3774,CAR-8071
2023-11-06 10:05:56,2023-11-06 11:08:56,63,14.14,16.34,DRV-8474,CAR-4562
2023-12-23 20:26:59,2023-12-23 21:43:59,77,14.16,34.88,DRV-7382,CAR-5904
2023-02-26 11:58:31,2023-02-26 12:09:31,11,25.0,39.63,DRV-2631,CAR-1891
2023-05-01 15:31:50,2023-05-01 16:30:50,59,14.63,32.48,DRV-3279,CAR-5368
2023-09-07 22:34:18,2023-09-07 22:49:18,15,12.05,48.59,DRV-6897,CAR-2343
2023-01-03 01:00:06,2023-01-03 01:32:06,32,12.86,12.45,DRV-5607,CAR-2290
